,Pair,RV,AR,TP,SL,Total Pips,Win Trade,Lose Trade,Win Rate,R/R,Score,ATTR
4,AUDUSD,20,0.0001,67,25,1274,97,209,0.32,2.68,1092.5824,4.44
133,AUDUSD,20,0.0001,76,27,1127,77,175,0.31,2.814814815,983.4118519,4.93
7,AUDUSD,20,0.0001,66,27,1179,96,191,0.33,2.444444444,951.06,3.69
303,AUDUSD,20,0.0001,80,25,1000,70,184,0.28,3.2,896,4.4
449,AUDUSD,20,0.0001,78,27,1023,73,173,0.3,2.888888889,886.6,4.5
63,AUDUSD,20,0.0001,56,27,1154,118,202,0.37,2.074074074,885.5881481,3.71
111,AUDUSD,20,0.0001,76,26,1042,77,185,0.29,2.923076923,883.2953846,3.58
17,AUDUSD,20,0.0001,66,25,1061,96,211,0.31,2.64,868.3224,3.21
6,AUDUSD,20,0.0001,60,27,1113,109,201,0.35,2.222222222,865.6666667,3.45
360,AUDUSD,20,0.0001,77,25,998,74,188,0.28,3.08,860.6752,3.56
77,AUDUSD,20,0.0001,67,27,1047,93,192,0.33,2.481481481,857.3766667,4.02
378,AUDUSD,20,0.0001,77,27,1000,74,174,0.3,2.851851852,855.5555556,4.2
228,AUDUSD,20,0.0001,76,25,1001,76,191,0.28,3.04,852.0512,3.28
18,AUDUSD,20,0.0001,67,26,1009,95,206,0.32,2.576923077,832.0369231,3.76
65,AUDUSD,20,0.0001,72,33,1047,81,145,0.36,2.181818182,822.3709091,4.8
53,AUDUSD,20,0.0001,54,26,1078,123,214,0.36,2.076923077,806.0123077,2.8
59,AUDUSD,20,0.0001,65,27,1002,96,194,0.33,2.407407407,796.0333333,3.36
47,AUDUSD,20,0.0001,57,27,1047,115,204,0.36,2.111111111,795.72,3.24
448,AUDUSD,20,0.0001,74,27,966,78,178,0.3,2.740740741,794.2666667,3.3
284,AUDUSD,20,0.0001,80,26,920,70,180,0.28,3.076923077,792.6153846,3.68
338,AUDUSD,20,0.0001,77,26,914,74,184,0.29,2.961538462,784.9853846,3.87
452,AUDUSD,20,0.0001,80,27,903,69,171,0.29,2.962962963,775.9111111,4.03
119,AUDUSD,20,0.0001,56,21,938,112,254,0.31,2.666666667,775.4133333,2.87
333,AUDUSD,20,0.0001,75,27,921,76,177,0.3,2.777777778,767.5,3.6
316,AUDUSD,20,0.0001,78,28,918,71,165,0.3,2.785714286,767.1857143,3.8
225,AUDUSD,20,0.0001,73,25,892,79,195,0.29,2.92,755.3456,3.42
304,AUDUSD,20,0.0001,72,25,901,83,203,0.29,2.88,752.5152,3.13
45,AUDUSD,20,0.0001,61,27,978,105,201,0.34,2.259259259,751.2488889,2.92
188,AUDUSD,20,0.0001,71,25,910,85,205,0.29,2.84,749.476,2.84
275,AUDUSD,20,0.0001,77,28,896,72,166,0.3,2.75,739.2,3.5
68,AUDUSD,20,0.0001,65,25,915,96,213,0.31,2.6,737.49,2.9
41,AUDUSD,20,0.0001,59,27,955,110,205,0.35,2.185185185,730.3981481,3.1
476,AUDUSD,20,0.0001,79,27,859,70,173,0.29,2.925925926,728.8774074,3.74
40,AUDUSD,20,0.0001,62,27,932,103,202,0.34,2.296296296,727.6503704,3.26
147,AUDUSD,20,0.0001,78,33,894,69,136,0.34,2.363636364,718.4509091,4.74
62,AUDUSD,20,0.0001,57,21,879,109,254,0.3,2.714285714,715.7571429,2.4
258,AUDUSD,20,0.0001,74,26,858,78,189,0.29,2.846153846,708.18,3
540,AUDUSD,20,0.0001,79,25,830,70,188,0.27,3.16,708.156,3.08
52,AUDUSD,20,0.0001,56,26,936,117,216,0.35,2.153846154,705.6,2.7
255,AUDUSD,20,0.0001,76,31,867,73,151,0.33,2.451612903,701.4309677,4.31
170,AUDUSD,20,0.0001,75,26,838,76,187,0.29,2.884615385,701.0192308,3.29
525,AUDUSD,20,0.0001,73,27,861,78,179,0.3,2.703703704,698.3666667,3
129,AUDUSD,20,0.0001,56,25,915,115,221,0.34,2.24,696.864,2.54
105,AUDUSD,20,0.0001,77,33,869,70,137,0.34,2.333333333,689.4066667,4.4
249,AUDUSD,20,0.0001,76,28,844,73,168,0.3,2.714285714,687.2571429,3.2
269,AUDUSD,20,0.0001,54,25,909,121,225,0.35,2.16,687.204,2.65
174,AUDUSD,20,0.0001,54,27,918,121,208,0.37,2,679.32,2.97
141,AUDUSD,20,0.0001,75,33,879,72,137,0.34,2.272727273,679.2272727,3.72
459,AUDUSD,20,0.0001,74,25,798,77,196,0.28,2.96,661.3824,2.72
345,AUDUSD,20,0.0001,75,25,775,75,194,0.28,3,651,3
86,AUDUSD,20,0.0001,57,25,834,112,222,0.34,2.28,646.5168,2.88
178,AUDUSD,20,0.0001,56,28,868,114,197,0.37,2,642.32,3.08
239,AUDUSD,20,0.0001,55,27,874,118,208,0.36,2.037037037,640.9333333,2.52
98,AUDUSD,20,0.0001,59,25,822,108,222,0.33,2.36,640.1736,2.72
84,AUDUSD,20,0.0001,58,27,849,111,207,0.35,2.148148148,638.3222222,2.75
518,AUDUSD,20,0.0001,79,26,746,70,184,0.28,3.038461538,634.6738462,3.4
99,AUDUSD,20,0.0001,60,25,825,105,219,0.32,2.4,633.6,2.2
109,AUDUSD,20,0.0001,76,33,809,71,139,0.34,2.303030303,633.4715152,4.06
208,AUDUSD,20,0.0001,73,34,822,76,139,0.35,2.147058824,617.7088235,3.45
486,AUDUSD,20,0.0001,78,32,788,70,146,0.32,2.4375,614.64,3.2
206,AUDUSD,20,0.0001,56,31,872,113,176,0.39,1.806451613,614.3380645,2.93
630,AUDUSD,20,0.0001,78,31,763,69,149,0.32,2.516129032,614.3380645,3.88
311,AUDUSD,20,0.0001,73,26,754,78,190,0.29,2.807692308,613.93,2.71
798,AUDUSD,20,0.0001,78,26,728,71,185,0.28,3,611.52,3.12
157,AUDUSD,20,0.0001,80,33,759,66,137,0.33,2.424242424,607.2,4.29
428,AUDUSD,20,0.0001,77,32,763,71,147,0.33,2.40625,605.8696875,3.97
165,AUDUSD,20,0.0001,53,26,825,123,219,0.36,2.038461538,605.4230769,2.44
211,AUDUSD,20,0.0001,75,34,776,72,136,0.35,2.205882353,599.1176471,4.15
251,AUDUSD,20,0.0001,78,34,758,69,136,0.34,2.294117647,591.24,4.08
171,AUDUSD,20,0.0001,77,34,766,70,136,0.34,2.264705882,589.82,3.74
152,AUDUSD,20,0.0001,63,27,765,97,198,0.33,2.333333333,589.05,2.7
559,AUDUSD,20,0.0001,77,31,740,70,150,0.32,2.483870968,588.1806452,3.56
317,AUDUSD,20,0.0001,53,25,791,122,227,0.35,2.12,586.922,2.3
293,AUDUSD,20,0.0001,56,24,760,113,232,0.33,2.333333333,585.2,2.4
498,AUDUSD,20,0.0001,54,24,762,119,236,0.34,2.25,582.93,2.52
457,AUDUSD,20,0.0001,68,27,746,88,194,0.31,2.518518519,582.4325926,2.45
219,AUDUSD,20,0.0001,61,24,737,101,226,0.31,2.541666667,580.6945833,2.35
386,AUDUSD,20,0.0001,79,17,619,64,261,0.2,4.647058824,575.3058824,2.2
409,AUDUSD,20,0.0001,76,32,704,72,149,0.33,2.375,551.76,3.64
466,AUDUSD,20,0.0001,72,32,720,78,153,0.34,2.25,550.8,3.36
554,AUDUSD,20,0.0001,72,26,684,81,198,0.29,2.769230769,549.3046154,2.42
369,AUDUSD,20,0.0001,71,26,693,83,200,0.29,2.730769231,548.8026923,2.13
164,AUDUSD,20,0.0001,57,31,783,110,177,0.38,1.838709677,547.0896774,2.44
339,AUDUSD,20,0.0001,73,33,723,75,144,0.34,2.212121212,543.7836364,3.04
248,AUDUSD,20,0.0001,74,34,710,73,138,0.35,2.176470588,540.8529412,3.8
585,AUDUSD,20,0.0001,80,31,674,65,146,0.31,2.580645161,539.2,3.41
575,AUDUSD,20,0.0001,76,74,946,66,55,0.55,1.027027027,534.3621622,8.5
527,AUDUSD,20,0.0001,75,31,688,72,152,0.32,2.419354839,532.6451613,2.92
743,AUDUSD,20,0.0001,71,27,675,81,188,0.3,2.62962963,532.5,2.4
495,AUDUSD,20,0.0001,80,17,586,63,262,0.19,4.705882353,523.9529412,1.43
272,AUDUSD,20,0.0001,64,27,690,96,202,0.32,2.37037037,523.3777778,2.12
398,AUDUSD,20,0.0001,74,33,683,73,143,0.34,2.242424242,520.7357576,3.38
531,AUDUSD,20,0.0001,77,74,926,62,52,0.54,1.040540541,520.3118919,7.54
513,AUDUSD,20,0.0001,63,63,945,82,67,0.55,1,519.75,6.3
543,AUDUSD,20,0.0001,79,31,657,66,147,0.31,2.548387097,519.03,3.1
517,AUDUSD,20,0.0001,72,31,677,77,157,0.33,2.322580645,518.8877419,2.99
400,AUDUSD,20,0.0001,55,21,658,112,262,0.3,2.619047619,517,1.8
231,AUDUSD,20,0.0001,57,24,678,110,233,0.32,2.375,515.28,1.92
534,AUDUSD,20,0.0001,75,28,640,72,170,0.3,2.678571429,514.2857143,2.9
367,AUDUSD,20,0.0001,68,26,644,89,208,0.3,2.615384615,505.2923077,2.2
744,AUDUSD,20,0.0001,61,61,915,88,73,0.55,1,503.25,6.1
289,AUDUSD,20,0.0001,58,24,648,108,234,0.32,2.416666667,501.12,2.24
346,AUDUSD,20,0.0001,60,24,636,103,231,0.31,2.5,492.9,2.04
708,AUDUSD,20,0.0001,79,79,869,55,44,0.56,1,486.64,9.48
553,AUDUSD,20,0.0001,53,24,648,120,238,0.34,2.208333333,486.54,2.18
370,AUDUSD,20,0.0001,55,25,650,115,227,0.34,2.2,486.2,2.2
302,AUDUSD,20,0.0001,56,23,640,110,240,0.31,2.434782609,483.0608696,1.49
638,AUDUSD,20,0.0001,74,31,628,73,154,0.32,2.387096774,479.7109677,2.6
697,AUDUSD,20,0.0001,70,27,610,82,190,0.3,2.592592593,474.4444444,2.1
639,AUDUSD,20,0.0001,69,27,612,84,192,0.3,2.555555556,469.2,1.8
373,AUDUSD,20,0.0001,53,27,662,121,213,0.36,1.962962963,467.8133333,1.8
475,AUDUSD,20,0.0001,71,32,617,79,156,0.34,2.21875,465.449375,3.02
637,AUDUSD,20,0.0001,54,21,603,115,267,0.3,2.571428571,465.1714286,1.5
628,AUDUSD,20,0.0001,74,28,586,73,172,0.3,2.642857143,464.6142857,2.6
706,AUDUSD,20,0.0001,80,28,580,65,165,0.28,2.857142857,464,2.24
344,AUDUSD,20,0.0001,56,22,604,109,250,0.3,2.545454545,461.2363636,1.4
759,AUDUSD,20,0.0001,63,62,827,83,71,0.54,1.016129032,453.7829032,5.5
582,AUDUSD,20,0.0001,73,31,597,74,155,0.32,2.35483871,449.8683871,2.28
663,AUDUSD,20,0.0001,79,28,566,66,166,0.28,2.821428571,447.14,1.96
494,AUDUSD,20,0.0001,61,60,809,89,77,0.54,1.016666667,444.141,5.34
521,AUDUSD,20,0.0001,71,31,578,78,160,0.33,2.290322581,436.856129,2.66
675,AUDUSD,20,0.0001,62,62,806,86,73,0.54,1,435.24,4.96
546,AUDUSD,20,0.0001,70,32,570,79,155,0.34,2.1875,423.9375,2.68
439,AUDUSD,20,0.0001,59,24,555,105,235,0.31,2.458333333,422.95625,1.73
673,AUDUSD,20,0.0001,72,28,544,76,176,0.3,2.571428571,419.6571429,2
642,AUDUSD,20,0.0001,75,32,557,71,149,0.32,2.34375,417.75,2.24
889,AUDUSD,20,0.0001,70,63,735,69,65,0.51,1.111111111,416.5,4.83
635,AUDUSD,20,0.0001,79,32,542,66,146,0.31,2.46875,414.799375,2.41
826,AUDUSD,20,0.0001,62,61,757,86,75,0.53,1.016393443,407.7872131,4.19
906,AUDUSD,20,0.0001,76,65,693,63,63,0.5,1.169230769,405.1384615,5.5
699,AUDUSD,20,0.0001,73,32,538,74,152,0.33,2.28125,405.013125,2.65
420,AUDUSD,20,0.0001,57,34,603,109,165,0.4,1.676470588,404.3647059,2.4
865,AUDUSD,20,0.0001,77,65,679,62,63,0.5,1.184615385,402.1769231,6
514,AUDUSD,20,0.0001,54,22,524,114,256,0.31,2.454545455,398.7163636,1.56
905,AUDUSD,20,0.0001,78,65,676,62,64,0.49,1.2,397.488,5.07
500,AUDUSD,20,0.0001,54,23,529,115,247,0.32,2.347826087,397.44,1.64
589,AUDUSD,20,0.0001,70,31,531,78,159,0.33,2.258064516,395.6806452,2.33
501,AUDUSD,20,0.0001,55,28,558,114,204,0.36,1.964285714,394.5857143,1.88
469,AUDUSD,20,0.0001,69,31,536,81,163,0.33,2.225806452,393.7006452,2
721,AUDUSD,20,0.0001,72,34,546,77,147,0.34,2.117647059,393.12,2.04
537,AUDUSD,20,0.0001,69,26,509,85,206,0.29,2.653846154,391.7342308,1.55
506,AUDUSD,20,0.0001,69,32,533,81,158,0.34,2.15625,390.755625,2.34
496,AUDUSD,20,0.0001,52,26,546,122,223,0.35,2,382.2,1.3
844,AUDUSD,20,0.0001,78,74,684,60,54,0.53,1.054054054,382.1156757,6.56
832,AUDUSD,20,0.0001,73,71,700,66,58,0.53,1.028169014,381.4507042,5.32
691,AUDUSD,20,0.0001,73,28,485,73,173,0.3,2.607142857,379.3392857,2.3
672,AUDUSD,20,0.0001,53,21,499,116,269,0.3,2.523809524,377.8142857,1.2
610,AUDUSD,20,0.0001,70,26,480,83,205,0.29,2.692307692,374.7692308,1.84
493,AUDUSD,20,0.0001,55,31,549,112,181,0.38,1.774193548,370.1322581,1.68
612,AUDUSD,20,0.0001,55,24,503,113,238,0.32,2.291666667,368.8666667,1.28
900,AUDUSD,20,0.0001,76,69,655,64,61,0.51,1.101449275,367.9391304,4.95
761,AUDUSD,20,0.0001,74,32,496,72,151,0.32,2.3125,367.04,1.92
715,AUDUSD,20,0.0001,52,25,517,121,231,0.34,2.08,365.6224,1.18
563,AUDUSD,20,0.0001,71,34,509,79,150,0.34,2.088235294,361.39,1.7
577,AUDUSD,20,0.0001,70,34,500,80,150,0.35,2.058823529,360.2941176,2.4
910,AUDUSD,20,0.0001,77,66,616,62,63,0.5,1.166666667,359.3333333,5.5
737,AUDUSD,20,0.0001,56,34,516,110,166,0.4,1.647058824,339.9529412,2
625,AUDUSD,20,0.0001,51,26,474,124,225,0.36,1.961538462,334.7169231,1.72
711,AUDUSD,20,0.0001,71,28,427,77,180,0.3,2.535714286,324.825,1.7
764,AUDUSD,20,0.0001,52,21,435,117,269,0.3,2.476190476,323.1428571,0.9
838,AUDUSD,20,0.0001,51,25,448,123,233,0.35,2.04,319.872,1.6
685,AUDUSD,20,0.0001,64,63,579,75,67,0.53,1.015873016,311.7409524,4.31
856,AUDUSD,20,0.0001,52,24,432,120,242,0.33,2.166666667,308.88,1.08
646,AUDUSD,20,0.0001,64,64,576,76,67,0.53,1,305.28,3.84
805,AUDUSD,20,0.0001,51,21,399,119,270,0.31,2.428571429,300.39,1.32
686,AUDUSD,20,0.0001,60,60,540,88,79,0.53,1,286.2,3.6
502,AUDUSD,20,0.0001,60,59,502,89,82,0.52,1.016949153,265.4644068,2.88
777,AUDUSD,20,0.0001,52,27,381,120,217,0.36,1.925925926,264.16,1.44
784,AUDUSD,20,0.0001,65,63,461,73,68,0.52,1.031746032,247.3301587,3.56
748,AUDUSD,20,0.0001,65,64,458,74,68,0.52,1.015625,241.88125,3.08
835,AUDUSD,20,0.0001,41,25,351,161,250,0.39,1.64,224.4996,0.74
880,AUDUSD,20,0.0001,66,63,402,71,68,0.51,1.047619048,214.7828571,2.79
920,AUDUSD,20,0.0002,61,25,1898,118,212,0.36,2.44,1667.2032,5.96
922,AUDUSD,20,0.0002,62,25,1743,114,213,0.35,2.48,1512.924,5.45
918,AUDUSD,20,0.0002,65,25,1670,108,214,0.34,2.6,1476.28,5.6
919,AUDUSD,20,0.0002,67,25,1651,103,210,0.33,2.68,1460.1444,5.36
917,AUDUSD,20,0.0002,64,25,1651,109,213,0.34,2.56,1437.0304,5.26
921,AUDUSD,20,0.0002,66,25,1539,104,213,0.33,2.64,1340.7768,5.03
956,AUDUSD,20,0.0002,60,25,1520,117,220,0.35,2.4,1276.8,4.75
960,AUDUSD,20,0.0002,61,24,1506,114,227,0.33,2.541666667,1263.1575,4.05
925,AUDUSD,20,0.0002,63,25,1467,109,216,0.34,2.52,1256.9256,4.92
924,AUDUSD,20,0.0002,68,25,1439,98,209,0.32,2.72,1252.5056,4.76
927,AUDUSD,20,0.0002,61,26,1486,116,215,0.35,2.346153846,1220.234615,4.45
964,AUDUSD,20,0.0002,57,36,1581,125,154,0.45,1.583333333,1126.4625,5.85
928,AUDUSD,20,0.0002,69,25,1286,94,208,0.31,2.76,1100.3016,4.14
931,AUDUSD,20,0.0002,62,26,1328,112,216,0.34,2.384615385,1076.701538,3.92
937,AUDUSD,20,0.0002,67,24,1233,99,225,0.31,2.791666667,1067.05875,4.21
990,AUDUSD,20,0.0002,59,25,1321,119,228,0.34,2.36,1059.9704,3.56
980,AUDUSD,20,0.0002,56,36,1476,126,155,0.45,1.555555556,1033.2,5.4
1105,AUDUSD,20,0.0002,60,24,1212,113,232,0.33,2.5,999.9,3.72
974,AUDUSD,20,0.0002,55,34,1396,128,166,0.44,1.617647059,993.6235294,5.16
962,AUDUSD,20,0.0002,55,36,1443,129,157,0.45,1.527777778,992.0625,4.95
1070,AUDUSD,20,0.0002,78,29,1143,76,165,0.32,2.689655172,983.7682759,5.24
985,AUDUSD,20,0.0002,62,24,1190,109,232,0.32,2.583333333,983.7333333,3.52
944,AUDUSD,20,0.0002,66,24,1146,101,230,0.31,2.75,976.965,3.9
972,AUDUSD,20,0.0002,61,29,1255,109,186,0.37,2.103448276,976.7362069,4.3
975,AUDUSD,20,0.0002,79,29,1148,74,162,0.31,2.724137931,969.4662069,4.48
923,AUDUSD,20,0.0002,65,29,1229,101,184,0.35,2.24137931,964.1293103,3.9
1000,AUDUSD,20,0.0002,72,25,1114,87,206,0.3,2.88,962.496,4.1
1507,AUDUSD,20,0.0002,78,32,1160,76,149,0.34,2.4375,961.35,5.4
1087,AUDUSD,20,0.0002,61,27,1209,111,206,0.35,2.259259259,956.0055556,3.8
965,AUDUSD,20,0.0002,71,25,1119,89,208,0.3,2.84,953.388,3.8
1012,AUDUSD,20,0.0002,58,25,1202,119,228,0.34,2.32,948.1376,3.22
993,AUDUSD,20,0.0002,55,35,1355,129,164,0.44,1.571428571,936.8857143,4.6
1031,AUDUSD,20,0.0002,62,27,1161,108,205,0.35,2.296296296,933.1,4.15
959,AUDUSD,20,0.0002,65,24,1103,103,233,0.31,2.708333333,926.0604167,3.59
1156,AUDUSD,20,0.0002,76,29,1085,78,167,0.32,2.620689655,909.9034483,4.6
929,AUDUSD,20,0.0002,64,26,1116,106,218,0.33,2.461538462,906.5353846,3.7
1165,AUDUSD,20,0.0002,56,34,1278,123,165,0.43,1.647058824,905.1247059,4.7
939,AUDUSD,20,0.0002,65,26,1131,105,219,0.32,2.5,904.8,3.12
1282,AUDUSD,20,0.0002,78,27,1038,77,184,0.3,2.888888889,899.6,4.5
949,AUDUSD,20,0.0002,64,24,1088,104,232,0.31,2.666666667,899.4133333,3.28
994,AUDUSD,20,0.0002,61,31,1196,106,170,0.38,1.967741935,894.2993548,3.96
1171,AUDUSD,20,0.0002,56,35,1295,125,163,0.43,1.6,890.96,4.13
1028,AUDUSD,20,0.0002,56,31,1233,120,177,0.4,1.806451613,890.9419355,3.8
1162,AUDUSD,20,0.0002,78,28,1062,75,171,0.3,2.785714286,887.5285714,3.8
1558,AUDUSD,20,0.0002,76,32,1096,78,151,0.34,2.375,885.02,4.72
968,AUDUSD,20,0.0002,62,29,1149,106,187,0.36,2.137931034,884.3337931,3.76
1168,AUDUSD,20,0.0002,61,28,1118,106,191,0.36,2.178571429,876.8314286,4.04
997,AUDUSD,20,0.0002,73,25,1009,83,202,0.29,2.92,854.4212,3.42
1125,AUDUSD,20,0.0002,77,29,1038,76,166,0.31,2.655172414,854.3813793,3.86
1166,AUDUSD,20,0.0002,78,25,978,76,198,0.28,3.12,854.3808,3.84
1094,AUDUSD,20,0.0002,56,29,1152,120,192,0.38,1.931034483,845.3296552,3.3
1041,AUDUSD,20,0.0002,60,26,1068,114,222,0.34,2.307692308,837.9692308,3.24
1117,AUDUSD,20,0.0002,58,24,1050,117,239,0.33,2.416666667,837.375,3.06
955,AUDUSD,20,0.0002,63,26,1047,107,219,0.33,2.423076923,837.1973077,3.37
1145,AUDUSD,20,0.0002,61,32,1122,106,167,0.39,1.90625,834.136875,4.27
1377,AUDUSD,20,0.0002,76,27,982,79,186,0.3,2.814814815,829.2444444,3.9
1318,AUDUSD,20,0.0002,76,28,980,77,174,0.31,2.714285714,824.6,4.24
1078,AUDUSD,20,0.0002,57,31,1120,117,179,0.4,1.838709677,823.7419355,4.2
1139,AUDUSD,20,0.0002,60,31,1117,108,173,0.38,1.935483871,821.5354839,3.58
1195,AUDUSD,20,0.0002,80,29,982,71,162,0.3,2.75862069,812.6896552,3.7
961,AUDUSD,20,0.0002,66,26,998,101,218,0.32,2.538461538,810.6830769,3.44
1589,AUDUSD,20,0.0002,77,32,1020,76,151,0.33,2.40625,809.94375,3.97
1174,AUDUSD,20,0.0002,54,31,1131,126,183,0.41,1.741935484,807.7529032,3.85
1329,AUDUSD,20,0.0002,59,24,1025,115,240,0.32,2.458333333,806.3333333,2.56
1129,AUDUSD,20,0.0002,62,28,1038,103,191,0.35,2.214285714,804.45,3.5
930,AUDUSD,20,0.0002,66,29,1037,97,185,0.34,2.275862069,802.4234483,3.3
1405,AUDUSD,20,0.0002,80,31,963,69,147,0.32,2.580645161,795.2516129,4.52
1413,AUDUSD,20,0.0002,57,35,1157,121,164,0.42,1.628571429,791.388,3.64
1222,AUDUSD,20,0.0002,77,28,959,75,172,0.3,2.75,791.175,3.5
1357,AUDUSD,20,0.0002,59,31,1062,111,177,0.39,1.903225806,788.2780645,4.1
1079,AUDUSD,20,0.0002,57,25,1015,120,233,0.34,2.28,786.828,2.88
1234,AUDUSD,20,0.0002,58,36,1134,117,157,0.43,1.611111111,785.61,4.42
1217,AUDUSD,20,0.0002,59,29,1041,113,194,0.37,2.034482759,783.6217241,3.56
1271,AUDUSD,20,0.0002,61,35,1093,108,157,0.41,1.742857143,781.0265714,4.36
988,AUDUSD,20,0.0002,68,24,948,93,224,0.29,2.833333333,778.94,2.68
983,AUDUSD,20,0.0002,65,28,985,97,190,0.34,2.321428571,777.4464286,3.62
1726,AUDUSD,20,0.0002,79,32,952,72,148,0.33,2.46875,775.5825,4.63
1368,AUDUSD,20,0.0002,77,27,934,77,185,0.29,2.851851852,772.4525926,3.16
1033,AUDUSD,20,0.0002,59,26,1001,117,227,0.34,2.269230769,772.31,2.9
1157,AUDUSD,20,0.0002,56,25,1013,123,235,0.34,2.24,771.5008,2.54
996,AUDUSD,20,0.0002,65,32,1025,97,165,0.37,2.03125,770.3515625,3.89
1255,AUDUSD,20,0.0002,76,25,903,78,201,0.28,3.04,768.6336,3.28
989,AUDUSD,20,0.0002,65,27,965,100,205,0.33,2.407407407,766.6388889,3.36
1009,AUDUSD,20,0.0002,70,25,910,88,210,0.3,2.8,764.4,3.5
987,AUDUSD,20,0.0002,54,36,1152,128,160,0.44,1.5,760.32,3.6
1231,AUDUSD,20,0.0002,77,25,877,76,199,0.28,3.08,756.3248,3.56
1309,AUDUSD,20,0.0002,59,36,1097,115,158,0.42,1.638888889,755.1016667,3.9
1124,AUDUSD,20,0.0002,58,29,1015,114,193,0.37,2,751.1,3.19
1128,AUDUSD,20,0.0002,53,31,1071,129,186,0.41,1.709677419,750.7364516,3.44
1044,AUDUSD,20,0.0002,63,24,912,104,235,0.31,2.625,742.14,2.97
1120,AUDUSD,20,0.0002,57,29,1013,118,197,0.37,1.965517241,736.6955172,2.82
1280,AUDUSD,20,0.0002,58,31,1009,112,177,0.39,1.870967742,736.2445161,3.71
1112,AUDUSD,20,0.0002,55,31,1027,119,178,0.4,1.774193548,728.8387097,3.4
1025,AUDUSD,20,0.0002,54,25,962,128,238,0.35,2.16,727.272,2.65
1509,AUDUSD,20,0.0002,75,28,875,77,175,0.31,2.678571429,726.5625,3.93
1300,AUDUSD,20,0.0002,59,27,948,114,214,0.35,2.185185185,725.0444444,3.1
1268,AUDUSD,20,0.0002,60,29,972,109,192,0.36,2.068965517,723.9724138,3.04
1437,AUDUSD,20,0.0002,56,27,969,120,213,0.36,2.074074074,723.52,2.88
1293,AUDUSD,20,0.0002,80,25,835,72,197,0.27,3.2,721.44,3.35
1412,AUDUSD,20,0.0002,74,25,870,80,202,0.28,2.96,721.056,2.72
1395,AUDUSD,20,0.0002,80,28,868,70,169,0.29,2.857142857,719.2,3.32
1116,AUDUSD,20,0.0002,55,24,923,125,248,0.34,2.291666667,719.1708333,2.86
1021,AUDUSD,20,0.0002,58,26,942,118,227,0.34,2.230769231,714.4707692,2.56
958,AUDUSD,20,0.0002,65,31,942,97,173,0.36,2.096774194,711.0580645,3.56
1636,AUDUSD,20,0.0002,75,27,849,79,188,0.3,2.777777778,707.5,3.6
1359,AUDUSD,20,0.0002,60,22,864,109,258,0.3,2.727272727,706.9090909,2.6
1476,AUDUSD,20,0.0002,60,27,930,110,210,0.34,2.222222222,702.6666667,2.58
1058,AUDUSD,20,0.0002,55,29,971,121,196,0.38,1.896551724,699.7896552,2.92
1136,AUDUSD,20,0.0002,54,24,912,128,250,0.34,2.25,697.68,2.52
1668,AUDUSD,20,0.0002,57,34,1014,118,168,0.41,1.676470588,696.9758824,3.31
1358,AUDUSD,20,0.0002,79,28,849,71,170,0.29,2.821428571,694.6639286,3.03
1577,AUDUSD,20,0.0002,79,31,849,70,151,0.32,2.548387097,692.3458065,4.2
1110,AUDUSD,20,0.0002,54,35,1032,128,168,0.43,1.542857143,684.6582857,3.27
1250,AUDUSD,20,0.0002,57,24,870,118,244,0.33,2.375,681.8625,2.73
1492,AUDUSD,20,0.0002,60,35,965,110,161,0.41,1.714285714,678.2571429,3.95
1501,AUDUSD,20,0.0002,60,32,948,107,171,0.38,1.875,675.45,2.96
1364,AUDUSD,20,0.0002,56,24,872,121,246,0.33,2.333333333,671.44,2.4
1233,AUDUSD,20,0.0002,58,27,892,115,214,0.35,2.148148148,670.6518519,2.75
1728,AUDUSD,20,0.0002,56,28,896,117,202,0.37,2,663.04,3.08
1694,AUDUSD,20,0.0002,59,28,893,111,202,0.35,2.107142857,658.5875,2.45
1239,AUDUSD,20,0.0002,57,27,891,117,214,0.35,2.111111111,658.35,2.4
1040,AUDUSD,20,0.0002,69,24,789,89,223,0.29,2.875,657.82875,2.97
1123,AUDUSD,20,0.0002,55,25,870,124,238,0.34,2.2,650.76,2.2
1283,AUDUSD,20,0.0002,49,31,980,144,196,0.42,1.580645161,650.5935484,2.6
1448,AUDUSD,20,0.0002,60,36,948,110,157,0.41,1.666666667,647.8,3.36
1069,AUDUSD,20,0.0002,66,27,828,96,204,0.32,2.444444444,647.68,2.76
1007,AUDUSD,20,0.0002,63,29,848,100,188,0.35,2.172413793,644.7724138,3.2
1245,AUDUSD,20,0.0002,55,27,879,123,218,0.36,2.037037037,644.6,2.52
973,AUDUSD,20,0.0002,64,29,855,99,189,0.34,2.206896552,641.5448276,2.62
1038,AUDUSD,20,0.0002,53,25,862,129,239,0.35,2.12,639.604,2.3
1089,AUDUSD,20,0.0002,66,32,858,93,165,0.36,2.0625,637.065,3.28
1527,AUDUSD,20,0.0002,61,36,911,107,156,0.41,1.694444444,632.8919444,3.77
1338,AUDUSD,20,0.0002,75,29,787,77,172,0.31,2.586206897,630.9568966,3.24
1407,AUDUSD,20,0.0002,79,25,738,72,198,0.27,3.16,629.6616,3.08
1209,AUDUSD,20,0.0002,68,26,802,94,215,0.3,2.615384615,629.2615385,2.2
1626,AUDUSD,20,0.0002,58,28,840,112,202,0.36,2.071428571,626.4,2.96
1164,AUDUSD,20,0.0002,72,24,744,84,221,0.28,3,624.96,2.88
1416,AUDUSD,20,0.0002,52,31,901,130,189,0.41,1.677419355,619.6554839,3.03
1023,AUDUSD,20,0.0002,62,31,837,102,177,0.37,2,619.38,3.41
1401,AUDUSD,20,0.0002,56,32,880,118,179,0.4,1.75,616,3.2
1648,AUDUSD,20,0.0002,79,27,747,72,183,0.28,2.925925926,611.9866667,2.68
1201,AUDUSD,20,0.0002,67,26,764,96,218,0.31,2.576923077,610.3184615,2.83
1063,AUDUSD,20,0.0002,44,36,1016,163,171,0.49,1.222222222,608.4711111,3.2
1306,AUDUSD,20,0.0002,54,34,902,125,172,0.42,1.588235294,601.6870588,2.96
1098,AUDUSD,20,0.0002,68,29,774,89,182,0.33,2.344827586,598.9158621,3.01
1137,AUDUSD,20,0.0002,66,28,762,93,192,0.33,2.357142857,592.7271429,3.02
1432,AUDUSD,20,0.0002,44,31,928,162,200,0.45,1.419354839,592.7225806,2.75
1679,AUDUSD,20,0.0002,58,32,838,111,175,0.39,1.8125,592.36125,3.1
1163,AUDUSD,20,0.0002,71,24,707,85,222,0.28,2.958333333,585.6316667,2.6
1488,AUDUSD,20,0.0002,55,28,805,119,205,0.37,1.964285714,585.0625,2.71
1101,AUDUSD,20,0.0002,53,36,899,127,162,0.44,1.472222222,582.3522222,3.16
979,AUDUSD,20,0.0002,66,31,775,93,173,0.35,2.129032258,577.5,2.95
1281,AUDUSD,20,0.0002,51,25,786,136,246,0.36,2.04,577.2384,2.36
1311,AUDUSD,20,0.0002,63,27,738,100,206,0.33,2.333333333,568.26,2.7
1259,AUDUSD,20,0.0002,62,32,790,101,171,0.37,1.9375,566.33125,2.78
1697,AUDUSD,20,0.0002,61,33,805,103,166,0.38,1.848484848,565.4515152,2.72
1640,AUDUSD,20,0.0002,75,31,727,75,158,0.32,2.419354839,562.8387097,2.92
1321,AUDUSD,20,0.0002,63,28,735,97,192,0.34,2.25,562.275,2.94
1337,AUDUSD,20,0.0002,48,31,853,145,197,0.42,1.548387097,554.7251613,2.18
1511,AUDUSD,20,0.0002,57,32,795,115,180,0.39,1.78125,552.2765625,2.71
1497,AUDUSD,20,0.0002,42,24,804,178,278,0.39,1.75,548.73,1.74
1729,AUDUSD,20,0.0002,75,25,675,77,204,0.27,3,546.75,2
1539,AUDUSD,20,0.0002,54,32,808,124,184,0.4,1.6875,545.4,2.4
1542,AUDUSD,20,0.0002,68,27,693,90,201,0.31,2.518518519,541.0533333,2.45
1375,AUDUSD,20,0.0002,69,26,672,90,213,0.3,2.653846154,535.0153846,2.5
1715,AUDUSD,20,0.0002,56,33,787,116,173,0.4,1.696969697,534.2060606,2.6
1288,AUDUSD,20,0.0002,64,32,736,95,167,0.36,2,529.92,2.56
1725,AUDUSD,20,0.0002,54,33,780,122,176,0.41,1.636363636,523.3090909,2.67
1650,AUDUSD,20,0.0002,74,31,683,75,157,0.32,2.387096774,521.723871,2.6
1169,AUDUSD,20,0.0002,73,24,632,80,217,0.27,3.041666667,519.03,2.19
1295,AUDUSD,20,0.0002,64,27,683,98,207,0.32,2.37037037,518.0681481,2.12
1172,AUDUSD,20,0.0002,57,26,694,118,232,0.34,2.192307692,517.2969231,2.22
1270,AUDUSD,20,0.0002,52,25,710,130,242,0.35,2.08,516.88,1.95
1512,AUDUSD,20,0.0002,51,31,758,134,196,0.41,1.64516129,511.2832258,2.62
1356,AUDUSD,20,0.0002,53,35,781,127,170,0.43,1.514285714,508.5425714,2.84
1455,AUDUSD,20,0.0002,55,32,730,118,180,0.4,1.71875,501.875,2.8
1533,AUDUSD,20,0.0002,49,25,706,144,254,0.36,1.96,498.1536,1.64
1279,AUDUSD,20,0.0002,54,29,701,122,203,0.38,1.862068966,496.017931,2.54
1625,AUDUSD,20,0.0002,50,31,743,137,197,0.41,1.612903226,491.3387097,2.21
1557,AUDUSD,20,0.0002,73,31,650,76,158,0.32,2.35483871,489.8064516,2.28
1260,AUDUSD,20,0.0002,67,29,636,90,186,0.33,2.310344828,484.8951724,2.68
1532,AUDUSD,20,0.0002,42,25,718,179,272,0.4,1.68,482.496,1.8
1431,AUDUSD,20,0.0002,53,24,659,127,253,0.33,2.208333333,480.24625,1.41
1630,AUDUSD,20,0.0002,74,29,607,76,173,0.31,2.551724138,480.157931,2.93
1170,AUDUSD,20,0.0002,63,31,654,96,174,0.36,2.032258065,478.4748387,2.84
1549,AUDUSD,20,0.0002,49,29,705,144,219,0.4,1.689655172,476.4827586,2.2
1060,AUDUSD,20,0.0002,64,31,655,95,175,0.35,2.064516129,473.2903226,2.25
1568,AUDUSD,20,0.0002,76,26,574,77,203,0.28,2.923076923,469.7969231,2.56
1252,AUDUSD,20,0.0002,49,36,766,142,172,0.45,1.361111111,469.175,2.25
1204,AUDUSD,20,0.0002,70,24,574,85,224,0.28,2.916666667,468.7666667,2.32
1095,AUDUSD,20,0.0002,54,26,644,127,239,0.35,2.076923077,468.1384615,2
1660,AUDUSD,20,0.0002,50,25,650,138,250,0.36,2,468,2
1387,AUDUSD,20,0.0002,46,31,731,150,199,0.43,1.483870968,466.4251613,2.11
1396,AUDUSD,20,0.0002,50,36,738,135,167,0.45,1.388888889,461.25,2.7
1302,AUDUSD,20,0.0002,68,31,615,87,171,0.34,2.193548387,458.6709677,2.66
1226,AUDUSD,20,0.0002,59,30,641,109,193,0.36,1.966666667,453.828,2.04
1676,AUDUSD,20,0.0002,67,27,589,91,204,0.31,2.481481481,453.0937037,2.14
1207,AUDUSD,20,0.0002,53,29,651,125,206,0.38,1.827586207,452.1082759,2.16
1680,AUDUSD,20,0.0002,57,23,587,114,257,0.31,2.47826087,450.9691304,1.8
1545,AUDUSD,20,0.0002,73,29,575,77,174,0.31,2.517241379,448.6982759,2.62
1624,AUDUSD,20,0.0002,53,32,673,125,186,0.4,1.65625,445.8625,2
1394,AUDUSD,20,0.0002,45,31,713,155,202,0.43,1.451612903,445.05,1.68
1718,AUDUSD,20,0.0002,78,26,546,74,201,0.27,3,442.26,2.08
1100,AUDUSD,20,0.0002,61,30,613,103,189,0.35,2.033333333,436.2516667,1.85
1756,AUDUSD,20,0.0002,74,26,542,79,204,0.28,2.846153846,431.9323077,2
1502,AUDUSD,20,0.0002,63,32,609,95,168,0.36,1.96875,431.62875,2.2
1132,AUDUSD,20,0.0002,58,30,620,110,192,0.36,1.933333333,431.52,1.68
1439,AUDUSD,20,0.0002,49,32,669,141,195,0.42,1.53125,430.250625,2.02
1559,AUDUSD,20,0.0002,53,34,656,124,174,0.42,1.558823529,429.4870588,2.54
1073,AUDUSD,20,0.0002,46,36,708,150,172,0.47,1.277777778,425.1933333,2.54
1535,AUDUSD,20,0.0002,64,28,556,94,195,0.33,2.285714286,419.3828571,2.36
1048,AUDUSD,20,0.0002,45,37,714,154,168,0.48,1.216216216,416.8216216,2.36
1688,AUDUSD,20,0.0002,54,27,594,124,226,0.35,2,415.8,1.35
1190,AUDUSD,20,0.0002,43,36,723,165,177,0.48,1.194444444,414.52,1.92
1695,AUDUSD,20,0.0002,72,31,553,77,161,0.32,2.322580645,411.003871,1.96
1551,AUDUSD,20,0.0002,54,23,547,123,265,0.32,2.347826087,410.9634783,1.64
1264,AUDUSD,20,0.0002,48,36,684,144,173,0.45,1.333333333,410.4,1.8
1649,AUDUSD,20,0.0002,78,24,504,72,213,0.25,3.25,409.5,1.5
1734,AUDUSD,20,0.0002,69,27,534,86,200,0.3,2.555555556,409.4,1.8
1286,AUDUSD,20,0.0002,56,30,590,115,195,0.37,1.866666667,407.4933333,1.82
1389,AUDUSD,20,0.0002,56,26,554,119,235,0.34,2.153846154,405.6984615,1.88
1580,AUDUSD,20,0.0002,48,25,585,145,255,0.36,1.92,404.352,1.28
1287,AUDUSD,20,0.0002,51,29,599,134,215,0.38,1.75862069,400.2972414,1.4
1445,AUDUSD,20,0.0002,49,30,606,144,215,0.4,1.633333333,395.92,1.6
1376,AUDUSD,20,0.0002,71,29,518,80,178,0.31,2.448275862,393.1441379,2
1374,AUDUSD,20,0.0002,52,29,572,127,208,0.38,1.793103448,389.7489655,1.78
1461,AUDUSD,20,0.0002,69,31,526,84,170,0.33,2.225806452,386.3554839,2
1068,AUDUSD,20,0.0002,45,36,657,153,173,0.47,1.25,385.9875,2.07
1552,AUDUSD,20,0.0002,55,23,519,119,262,0.31,2.391304348,384.7369565,1.18
1584,AUDUSD,20,0.0002,48,29,580,145,220,0.4,1.655172414,384,1.8
1241,AUDUSD,20,0.0002,47,36,634,146,173,0.46,1.305555556,380.7522222,2.18
1468,AUDUSD,20,0.0002,53,23,507,125,266,0.32,2.304347826,373.8573913,1.32
1736,AUDUSD,20,0.0002,74,24,466,77,218,0.26,3.083333333,373.5766667,1.48
1669,AUDUSD,20,0.0002,72,29,483,78,177,0.31,2.482758621,371.7434483,2.31
1576,AUDUSD,20,0.0002,44,35,626,159,182,0.47,1.257142857,369.8765714,2.13
1644,AUDUSD,20,0.0002,44,33,616,158,192,0.45,1.333333333,369.6,1.65
1750,AUDUSD,20,0.0002,52,32,568,126,187,0.4,1.625,369.2,1.6
1740,AUDUSD,20,0.0002,57,22,488,112,268,0.29,2.590909091,366.6654545,0.91
1366,AUDUSD,20,0.0002,80,30,470,67,163,0.29,2.666666667,363.4666667,1.9
1483,AUDUSD,20,0.0002,48,32,576,142,195,0.42,1.5,362.88,1.6
1602,AUDUSD,20,0.0002,71,31,494,79,165,0.32,2.290322581,362.0541935,1.64
1355,AUDUSD,20,0.0002,60,30,510,105,193,0.35,2,357,1.5
1184,AUDUSD,20,0.0002,46,35,600,150,180,0.45,1.314285714,354.8571429,1.45
1536,AUDUSD,20,0.0002,49,35,574,141,181,0.44,1.4,353.584,1.96
1653,AUDUSD,20,0.0002,80,24,424,68,209,0.25,3.333333333,353.3333333,2
1601,AUDUSD,20,0.0002,47,31,553,145,202,0.42,1.516129032,352.136129,1.76
1354,AUDUSD,20,0.0002,57,30,501,113,198,0.36,1.9,342.684,1.32
1698,AUDUSD,20,0.0002,50,35,555,135,177,0.43,1.428571429,340.9285714,1.55
1592,AUDUSD,20,0.0002,40,36,608,179,182,0.5,1.111111111,337.7777778,2
1474,AUDUSD,20,0.0002,68,49,548,83,104,0.44,1.387755102,334.6155102,2.48
1291,AUDUSD,20,0.0002,42,36,594,171,183,0.48,1.166666667,332.64,1.44
1656,AUDUSD,20,0.0002,49,34,536,140,186,0.43,1.441176471,332.1623529,1.69
1479,AUDUSD,20,0.0002,46,32,536,148,196,0.43,1.4375,331.315,1.54
1754,AUDUSD,20,0.0002,62,35,487,101,165,0.38,1.771428571,327.8205714,1.86
1423,AUDUSD,20,0.0002,48,30,510,145,215,0.4,1.6,326.4,1.2
1176,AUDUSD,20,0.0002,45,35,550,153,181,0.46,1.285714286,325.2857143,1.8
1757,AUDUSD,20,0.0002,53,28,471,123,216,0.36,1.892857143,320.9528571,1.16
1403,AUDUSD,20,0.0002,49,37,533,140,171,0.45,1.324324324,317.6391892,1.7
1505,AUDUSD,20,0.0002,54,30,474,121,202,0.37,1.8,315.684,1.08
1315,AUDUSD,20,0.0002,48,37,526,142,170,0.46,1.297297297,313.8940541,2.1
1704,AUDUSD,20,0.0002,62,36,466,101,161,0.39,1.722222222,312.9966667,2.22
1746,AUDUSD,20,0.0002,77,24,384,72,215,0.25,3.208333333,308,1.25
1206,AUDUSD,20,0.0002,47,37,525,145,170,0.46,1.27027027,306.7702703,1.64
1574,AUDUSD,20,0.0002,63,60,558,86,81,0.51,1.05,298.809,2.73
1554,AUDUSD,20,0.0002,48,35,494,143,182,0.44,1.371428571,298.0937143,1.52
1702,AUDUSD,20,0.0002,51,28,437,131,223,0.37,1.821428571,294.5067857,1.23
1692,AUDUSD,20,0.0002,41,31,488,179,221,0.45,1.322580645,290.4387097,1.4
1711,AUDUSD,20,0.0002,49,33,459,138,191,0.42,1.484848485,286.2490909,1.44
1429,AUDUSD,20,0.0002,53,30,422,124,205,0.38,1.766666667,283.3026667,1.54
1701,AUDUSD,20,0.0002,44,34,482,157,189,0.45,1.294117647,280.6941176,1.1
1714,AUDUSD,20,0.0002,45,25,420,156,264,0.37,1.8,279.72,0.9
1672,AUDUSD,20,0.0002,43,33,475,163,198,0.45,1.303030303,278.5227273,1.2
1673,AUDUSD,20,0.0002,48,34,458,142,187,0.43,1.411764706,278.0329412,1.26
1494,AUDUSD,20,0.0002,43,37,497,163,176,0.48,1.162162162,277.2454054,1.4
1581,AUDUSD,20,0.0002,48,33,450,140,190,0.42,1.454545455,274.9090909,1.02
1508,AUDUSD,20,0.0002,47,35,445,145,182,0.44,1.342857143,262.9314286,1.08
1486,AUDUSD,20,0.0002,41,33,459,177,206,0.46,1.242424242,262.3254545,1.04
1753,AUDUSD,20,0.0002,50,30,400,137,215,0.39,1.666666667,260,1.2
1458,AUDUSD,20,0.0002,43,38,468,162,171,0.49,1.131578947,259.4936842,1.69
1686,AUDUSD,20,0.0002,45,32,427,151,199,0.43,1.40625,258.2015625,1.11
1639,AUDUSD,20,0.0002,66,64,474,77,72,0.52,1.03125,254.1825,3.6
1544,AUDUSD,20,0.0002,45,33,414,150,192,0.44,1.363636364,248.4,1.32
1579,AUDUSD,20,0.0002,46,33,400,145,190,0.43,1.393939394,239.7575758,0.97
1565,AUDUSD,20,0.0002,45,29,376,154,226,0.41,1.551724138,239.2137931,1.34
1588,AUDUSD,20,0.0002,41,36,433,173,185,0.48,1.138888889,236.7066667,0.96
1622,AUDUSD,20,0.0002,52,30,342,126,207,0.38,1.733333333,225.264,1.16
1637,AUDUSD,20,0.0002,40,33,395,179,205,0.47,1.212121212,225.030303,1.31
1713,AUDUSD,20,0.0002,66,65,402,77,72,0.52,1.015384615,212.256,3.12
1705,AUDUSD,20,0.0002,42,33,366,169,204,0.45,1.272727273,209.6181818,0.75
1659,AUDUSD,20,0.0002,46,29,329,149,225,0.4,1.586206897,208.7448276,1
1604,AUDUSD,20,0.0002,42,37,364,169,182,0.48,1.135135135,198.3308108,0.92
1560,AUDUSD,20,0.0002,42,38,360,166,174,0.49,1.105263158,194.9684211,1.2
1743,AUDUSD,20,0.0002,43,39,359,158,165,0.49,1.102564103,193.9520513,1.18
1732,AUDUSD,20,0.0002,47,32,306,142,199,0.42,1.46875,188.76375,1.18
1691,AUDUSD,20,0.0002,36,36,324,200,191,0.51,1,165.24,0.72
1766,AUDUSD,20,0.0003,61,25,1334,119,237,0.33,2.44,1074.1368,3.38
1802,AUDUSD,20,0.0003,71,34,1324,90,149,0.38,2.088235294,1050.632941,5.9
1889,AUDUSD,20,0.0003,72,34,1232,87,148,0.37,2.117647059,965.3082353,5.22
1821,AUDUSD,20,0.0003,71,32,1103,89,163,0.35,2.21875,856.5484375,4.05
1797,AUDUSD,20,0.0003,62,25,1006,113,240,0.32,2.48,798.3616,2.84
1949,AUDUSD,20,0.0003,72,32,1008,86,162,0.35,2.25,793.8,4.4
1829,AUDUSD,20,0.0003,69,34,1044,92,156,0.37,2.029411765,783.9211765,4.11
1813,AUDUSD,20,0.0003,61,32,1017,109,176,0.38,1.90625,736.689375,3.34
1780,AUDUSD,20,0.0003,62,31,992,108,184,0.37,2,734.08,3.41
1831,AUDUSD,20,0.0003,61,31,1007,109,182,0.37,1.967741935,733.1609677,3.04
1860,AUDUSD,20,0.0003,68,34,986,94,159,0.37,2,729.64,3.74
1786,AUDUSD,20,0.0003,68,32,952,94,170,0.36,2.125,728.28,4
1896,AUDUSD,20,0.0003,70,34,960,89,155,0.36,2.058823529,711.5294118,3.44
1818,AUDUSD,20,0.0003,61,24,895,115,255,0.31,2.541666667,705.1854167,2.35
1777,AUDUSD,20,0.0003,62,29,933,110,203,0.35,2.137931034,698.1413793,2.85
1819,AUDUSD,20,0.0003,60,25,905,118,247,0.32,2.4,695.04,2.2
1812,AUDUSD,20,0.0003,61,29,916,112,204,0.35,2.103448276,674.3655172,2.5
1807,AUDUSD,20,0.0003,59,32,934,114,181,0.39,1.84375,671.604375,3.49
1925,AUDUSD,20,0.0003,52,31,955,137,199,0.41,1.677419355,656.7935484,3.03
1852,AUDUSD,20,0.0003,58,31,900,116,188,0.38,1.870967742,639.8709677,2.82
1779,AUDUSD,20,0.0003,54,24,846,137,273,0.33,2.25,628.155,1.74
1798,AUDUSD,20,0.0003,62,32,876,106,178,0.37,1.9375,627.9825,2.78
1906,AUDUSD,20,0.0003,56,34,914,125,179,0.41,1.647058824,617.2188235,2.9
1816,AUDUSD,20,0.0003,58,32,872,116,183,0.39,1.8125,616.395,3.1
1951,AUDUSD,20,0.0003,51,31,909,140,201,0.41,1.64516129,613.1351613,2.62
1810,AUDUSD,20,0.0003,69,32,807,91,171,0.35,2.15625,609.0328125,3.35
1904,AUDUSD,20,0.0003,57,34,868,122,179,0.41,1.676470588,596.6223529,3.31
1836,AUDUSD,20,0.0003,70,32,790,89,170,0.34,2.1875,587.5625,2.68
1799,AUDUSD,20,0.0003,67,32,794,94,172,0.35,2.09375,581.853125,2.65
1894,AUDUSD,20,0.0003,55,34,873,129,183,0.41,1.617647059,579.0044118,2.49
1916,AUDUSD,20,0.0003,70,39,825,87,135,0.39,1.794871795,577.5,3.51
1957,AUDUSD,20,0.0003,71,39,802,86,136,0.39,1.820512821,569.42,3.9
1795,AUDUSD,20,0.0003,66,32,766,95,172,0.36,2.0625,568.755,3.28
1888,AUDUSD,20,0.0003,59,31,780,112,188,0.37,1.903225806,549.2709677,2.3
1895,AUDUSD,20,0.0003,57,31,769,119,194,0.38,1.838709677,537.3077419,2.44
1851,AUDUSD,20,0.0003,60,32,752,108,179,0.38,1.875,535.8,2.96
1928,AUDUSD,20,0.0003,66,34,728,95,163,0.37,1.941176471,522.8752941,3
1811,AUDUSD,20,0.0003,63,25,666,107,243,0.31,2.52,520.2792,2.28
1884,AUDUSD,20,0.0003,60,24,636,115,261,0.31,2.5,492.9,2.04
1910,AUDUSD,20,0.0003,56,32,720,122,191,0.39,1.75,491.4,2.32
1825,AUDUSD,20,0.0003,57,32,703,119,190,0.39,1.78125,488.3653125,2.71
1936,AUDUSD,20,0.0003,60,31,654,107,186,0.37,1.935483871,468.3483871,2.67
1835,AUDUSD,20,0.0003,63,32,637,99,175,0.36,1.96875,451.47375,2.2
1856,AUDUSD,20,0.0003,52,30,622,136,215,0.39,1.733333333,420.472,1.98
1945,AUDUSD,20,0.0003,49,29,611,148,229,0.39,1.689655172,402.627931,1.42
1846,AUDUSD,20,0.0003,54,25,561,134,267,0.33,2.16,399.8808,1.07
1935,AUDUSD,20,0.0003,49,36,648,144,178,0.45,1.361111111,396.9,2.25
1950,AUDUSD,20,0.0003,70,38,554,85,142,0.37,1.842105263,377.5947368,1.96
1900,AUDUSD,20,0.0003,52,25,476,138,268,0.34,2.08,336.6272,1.18
1913,AUDUSD,20,0.0003,65,32,446,94,177,0.35,2.03125,317.078125,1.95
1933,AUDUSD,20,0.0003,50,29,480,143,230,0.38,1.724137931,314.4827586,1.02
1867,AUDUSD,20,0.0003,52,24,428,137,279,0.33,2.166666667,306.02,1.08
1924,AUDUSD,20,0.0003,53,25,430,135,269,0.33,2.12,300.828,0.74
1837,AUDUSD,20,0.0003,49,39,484,142,166,0.46,1.256410256,279.7271795,1.48
1892,AUDUSD,20,0.0003,53,24,382,134,280,0.32,2.208333333,269.9466667,0.64
1947,AUDUSD,20,0.0003,42,18,318,191,428,0.31,2.333333333,230.02,0.6
1959,AUDUSD,20,0.0003,64,32,320,94,178,0.35,2,224,1.6
1962,AUDUSD,20,0.0004,58,32,938,121,190,0.39,1.8125,663.04875,3.1
1961,AUDUSD,20,0.0004,71,30,843,93,192,0.33,2.366666667,658.383,3.33
1960,AUDUSD,20,0.0004,57,32,942,126,195,0.39,1.78125,654.395625,2.71
1970,AUDUSD,20,0.0004,56,32,848,126,194,0.39,1.75,578.76,2.32
1965,AUDUSD,20,0.0004,71,31,748,90,182,0.33,2.290322581,565.3432258,2.66
1971,AUDUSD,20,0.0004,59,32,796,116,189,0.38,1.84375,557.6975,2.58
1969,AUDUSD,20,0.0004,69,30,654,96,199,0.33,2.3,496.386,2.67
1963,AUDUSD,20,0.0004,61,32,665,109,187,0.37,1.90625,469.0328125,2.41
1968,AUDUSD,20,0.0004,70,30,540,93,199,0.32,2.333333333,403.2,2
1972,AUDUSD,20,0.0004,67,30,520,100,206,0.33,2.233333333,383.24,2.01
1967,AUDUSD,20,0.0004,62,32,492,106,190,0.36,1.9375,343.17,1.84
