,Pair,RV,AR,TP,SL,Total Pips,Win Trade,Lose Trade,Win Rate,R/R,Score,ATTR,Pair,RV,AR,TP,SL,Total Pips,Win Trade,Lose Trade,Win Rate,R/R,Score,a,s
50,AUDUSD,15,0.0001,76,29,1002,75,162,0.32,2.620689655,840.297931,4.6,AUDUSD,15,0.0001,76,29,789,39,75,0.34,2.620689655,703.0262069,213,1543.324138
56,AUDUSD,15,0.0001,57,46,1368,116,114,0.5,1.239130435,847.5652174,5.5,AUDUSD,15,0.0001,57,46,1030,56,47,0.54,1.239130435,689.2043478,338,1536.769565
74,AUDUSD,15,0.0001,76,31,1081,75,149,0.33,2.451612903,874.563871,4.31,AUDUSD,15,0.0001,76,31,763,39,71,0.35,2.451612903,654.7032258,318,1529.267097
29,AUDUSD,15,0.0001,56,29,1013,117,191,0.38,1.931034483,743.3324138,3.3,AUDUSD,15,0.0001,56,29,949,62,87,0.42,1.931034483,769.6717241,64,1513.004138
66,AUDUSD,15,0.0001,67,21,968,95,257,0.27,3.19047619,833.8628571,2.76,AUDUSD,15,0.0001,67,21,725,50,125,0.29,3.19047619,670.797619,243,1504.660476
89,AUDUSD,15,0.0001,57,45,1392,116,116,0.5,1.266666667,881.6,6,AUDUSD,15,0.0001,57,45,918,54,48,0.53,1.266666667,616.284,474,1497.884
43,AUDUSD,15,0.0001,62,27,956,106,208,0.34,2.296296296,746.3881481,3.26,AUDUSD,15,0.0001,62,27,853,56,97,0.37,2.296296296,724.7340741,103,1471.122222
41,AUDUSD,15,0.0001,55,29,1006,119,191,0.38,1.896551724,725.0137931,2.92,AUDUSD,15,0.0001,55,29,916,62,86,0.42,1.896551724,729.6413793,90,1454.655172
80,AUDUSD,15,0.0001,76,32,976,76,150,0.34,2.375,788.12,4.72,AUDUSD,15,0.0001,76,32,736,40,72,0.36,2.375,629.28,240,1417.4
166,AUDUSD,15,0.0001,77,31,1079,74,149,0.33,2.483870968,884.4319355,4.64,AUDUSD,15,0.0001,77,31,617,37,72,0.34,2.483870968,521.0664516,462,1405.498387
44,AUDUSD,15,0.0001,57,29,930,114,192,0.37,1.965517241,676.3344828,2.82,AUDUSD,15,0.0001,57,29,897,60,87,0.41,1.965517241,722.8582759,33,1399.192759
125,AUDUSD,15,0.0001,80,31,1007,68,143,0.32,2.580645161,831.5870968,4.52,AUDUSD,15,0.0001,80,31,643,34,67,0.34,2.580645161,564.1806452,364,1395.767742
71,AUDUSD,15,0.0001,71,34,935,85,150,0.36,2.088235294,702.9,3.8,AUDUSD,15,0.0001,71,34,812,44,68,0.39,2.088235294,661.3023529,123,1364.202353
78,AUDUSD,15,0.0001,72,33,888,82,152,0.35,2.181818182,678.1090909,3.75,AUDUSD,15,0.0001,72,33,780,42,68,0.38,2.181818182,646.6909091,108,1324.8
149,AUDUSD,15,0.0001,79,31,956,69,145,0.32,2.548387097,779.6025806,4.2,AUDUSD,15,0.0001,79,31,626,35,69,0.34,2.548387097,542.3987097,330,1322.00129
139,AUDUSD,15,0.0001,75,31,944,75,151,0.33,2.419354839,753.6774194,3.98,AUDUSD,15,0.0001,75,31,649,38,71,0.35,2.419354839,549.5564516,295,1303.233871
143,AUDUSD,15,0.0001,69,17,833,85,296,0.22,4.058823529,743.82,1.92,AUDUSD,15,0.0001,69,17,587,43,140,0.23,4.058823529,547.9817647,246,1291.801765
209,AUDUSD,15,0.0001,77,32,975,75,150,0.33,2.40625,774.2109375,3.97,AUDUSD,15,0.0001,77,32,590,38,73,0.34,2.40625,482.69375,385,1256.904688
221,AUDUSD,15,0.0001,56,27,1050,120,210,0.36,2.074074074,784,2.88,AUDUSD,15,0.0001,56,27,608,61,104,0.37,2.074074074,466.5837037,442,1250.583704
168,AUDUSD,15,0.0001,74,31,924,77,154,0.33,2.387096774,727.8735484,3.65,AUDUSD,15,0.0001,74,31,623,39,73,0.35,2.387096774,520.5064516,301,1248.38
170,AUDUSD,15,0.0001,76,25,850,75,194,0.28,3.04,723.52,3.28,AUDUSD,15,0.0001,76,25,589,39,95,0.29,3.04,519.2624,261,1242.7824
174,AUDUSD,15,0.0001,57,27,942,116,210,0.36,2.111111111,715.92,3.24,AUDUSD,15,0.0001,57,27,663,59,100,0.37,2.111111111,517.8766667,279,1233.796667
112,AUDUSD,15,0.0001,67,20,764,92,270,0.25,3.35,639.85,1.75,AUDUSD,15,0.0001,67,20,643,49,132,0.27,3.35,581.5935,121,1221.4435
91,AUDUSD,15,0.0001,62,24,756,102,232,0.31,2.583333333,605.43,2.66,AUDUSD,15,0.0001,62,24,722,55,112,0.33,2.583333333,615.505,34,1220.935
352,AUDUSD,15,0.0001,78,31,997,72,149,0.33,2.516129032,827.8316129,4.97,AUDUSD,15,0.0001,78,31,467,35,73,0.32,2.516129032,376.0103226,530,1203.841936
175,AUDUSD,15,0.0001,66,21,786,94,258,0.27,3.142857143,666.9771429,2.49,AUDUSD,15,0.0001,66,21,588,49,126,0.28,3.142857143,517.44,198,1184.417143
225,AUDUSD,15,0.0001,71,27,868,86,194,0.31,2.62962963,707.5807407,3.38,AUDUSD,15,0.0001,71,27,552,42,90,0.32,2.62962963,464.4977778,316,1172.078519
176,AUDUSD,15,0.0001,63,31,873,98,171,0.36,2.032258065,638.6980645,2.84,AUDUSD,15,0.0001,63,31,670,50,80,0.38,2.032258065,517.4129032,203,1156.110968
199,AUDUSD,15,0.0001,74,26,806,78,191,0.29,2.846153846,665.26,3,AUDUSD,15,0.0001,74,26,572,39,89,0.3,2.846153846,488.4,234,1153.66
129,AUDUSD,15,0.0001,61,24,752,104,233,0.31,2.541666667,592.5133333,2.35,AUDUSD,15,0.0001,61,24,667,55,112,0.33,2.541666667,559.44625,85,1151.959583
188,AUDUSD,15,0.0001,76,28,788,73,170,0.3,2.714285714,641.6571429,3.2,AUDUSD,15,0.0001,76,28,572,37,80,0.32,2.714285714,496.8228571,216,1138.48
145,AUDUSD,15,0.0001,65,32,800,96,170,0.36,2.03125,585,2.92,AUDUSD,15,0.0001,65,32,689,49,78,0.39,2.03125,545.8171875,111,1130.817188
121,AUDUSD,15,0.0001,63,21,693,98,261,0.27,3,561.33,1.68,AUDUSD,15,0.0001,63,21,651,52,125,0.29,3,566.37,42,1127.7
144,AUDUSD,15,0.0001,64,21,706,97,262,0.27,3.047619048,580.9371429,1.95,AUDUSD,15,0.0001,64,21,618,51,126,0.29,3.047619048,546.1942857,88,1127.131429
169,AUDUSD,15,0.0001,73,34,798,78,144,0.35,2.147058824,599.6735294,3.45,AUDUSD,15,0.0001,73,34,637,39,65,0.38,2.147058824,519.7170588,161,1119.390588
159,AUDUSD,15,0.0001,66,32,796,94,169,0.36,2.0625,591.03,3.28,AUDUSD,15,0.0001,66,32,672,48,78,0.38,2.0625,526.68,124,1117.71
160,AUDUSD,15,0.0001,73,33,784,79,151,0.34,2.212121212,589.6630303,3.04,AUDUSD,15,0.0001,73,33,643,40,69,0.37,2.212121212,526.2857576,141,1115.948788
260,AUDUSD,15,0.0001,75,27,813,76,181,0.3,2.777777778,677.5,3.6,AUDUSD,15,0.0001,75,27,507,37,84,0.31,2.777777778,436.5833333,306,1114.083333
235,AUDUSD,15,0.0001,54,26,870,123,222,0.36,2.076923077,650.4923077,2.8,AUDUSD,15,0.0001,54,26,592,62,106,0.37,2.076923077,454.9292308,278,1105.421539
399,AUDUSD,15,0.0001,78,32,926,73,149,0.33,2.4375,744.85125,4.3,AUDUSD,15,0.0001,78,32,440,36,74,0.33,2.4375,353.925,486,1098.77625
210,AUDUSD,15,0.0001,75,28,762,74,171,0.3,2.678571429,612.3214286,2.9,AUDUSD,15,0.0001,75,28,563,37,79,0.32,2.678571429,482.5714286,199,1094.892857
217,AUDUSD,15,0.0001,75,32,793,75,151,0.33,2.34375,613.3359375,3.31,AUDUSD,15,0.0001,75,32,578,38,71,0.35,2.34375,474.140625,215,1087.476563
204,AUDUSD,15,0.0001,67,25,748,94,222,0.3,2.68,601.392,2.6,AUDUSD,15,0.0001,67,25,583,49,108,0.31,2.68,484.3564,165,1085.7484
156,AUDUSD,15,0.0001,71,55,895,80,87,0.48,1.290909091,554.5745455,5.48,AUDUSD,15,0.0001,71,55,789,39,36,0.52,1.290909091,529.6341818,106,1084.208727
195,AUDUSD,15,0.0001,64,31,783,97,175,0.36,2.064516129,581.9458065,3.2,AUDUSD,15,0.0001,64,31,627,50,83,0.38,2.064516129,491.8916129,156,1073.837419
154,AUDUSD,15,0.0001,65,25,690,96,222,0.3,2.6,538.2,2,AUDUSD,15,0.0001,65,25,640,51,107,0.32,2.6,532.48,50,1070.68
375,AUDUSD,15,0.0001,74,27,858,78,182,0.3,2.740740741,705.4666667,3.3,AUDUSD,15,0.0001,74,27,443,37,85,0.3,2.740740741,364.2444444,415,1069.711111
261,AUDUSD,15,0.0001,75,25,750,76,198,0.28,3,630,3,AUDUSD,15,0.0001,75,25,500,39,97,0.29,3,435,250,1065
229,AUDUSD,15,0.0001,74,28,752,76,174,0.3,2.642857143,596.2285714,2.6,AUDUSD,15,0.0001,74,28,544,38,81,0.32,2.642857143,460.0685714,208,1056.297143
339,AUDUSD,15,0.0001,73,31,858,78,156,0.33,2.35483871,666.7490323,3.32,AUDUSD,15,0.0001,73,31,480,38,74,0.34,2.35483871,384.3096774,378,1051.05871
298,AUDUSD,15,0.0001,77,25,771,73,194,0.27,3.08,641.1636,2.54,AUDUSD,15,0.0001,77,25,474,37,95,0.28,3.08,408.7776,297,1049.9412
322,AUDUSD,15,0.0001,76,27,791,74,179,0.29,2.814814815,645.6903704,2.87,AUDUSD,15,0.0001,76,27,468,36,84,0.3,2.814814815,395.2,323,1040.89037
196,AUDUSD,15,0.0001,66,27,696,94,204,0.32,2.444444444,544.4266667,2.76,AUDUSD,15,0.0001,66,27,591,47,93,0.34,2.444444444,491.1866667,105,1035.613333
346,AUDUSD,15,0.0001,73,27,799,79,184,0.3,2.703703704,648.0777778,3,AUDUSD,15,0.0001,73,27,452,38,86,0.31,2.703703704,378.842963,347,1026.920741
245,AUDUSD,15,0.0001,65,31,781,95,174,0.35,2.096774194,573.1532258,2.6,AUDUSD,15,0.0001,65,31,578,48,82,0.37,2.096774194,448.416129,203,1021.569355
194,AUDUSD,15,0.0001,67,22,642,92,251,0.27,3.045454545,527.8990909,2.03,AUDUSD,15,0.0001,67,22,577,49,123,0.28,3.045454545,492.0236364,65,1019.922727
244,AUDUSD,15,0.0001,65,21,673,95,262,0.27,3.095238095,562.4357143,2.22,AUDUSD,15,0.0001,65,21,518,49,127,0.28,3.095238095,448.9333333,155,1011.369048
381,AUDUSD,15,0.0001,74,25,772,78,200,0.28,2.96,639.8336,2.72,AUDUSD,15,0.0001,74,25,436,39,98,0.28,2.96,361.3568,336,1001.1904
349,AUDUSD,15,0.0001,71,31,800,82,162,0.34,2.290322581,622.9677419,3.68,AUDUSD,15,0.0001,71,31,484,40,76,0.34,2.290322581,376.8954839,316,999.8632258
297,AUDUSD,15,0.0001,57,47,969,111,114,0.49,1.212765957,575.8334043,3.96,AUDUSD,15,0.0001,57,47,661,52,49,0.51,1.212765957,408.8355319,308,984.6689362
268,AUDUSD,15,0.0001,56,26,750,116,221,0.34,2.153846154,549.2307692,1.88,AUDUSD,15,0.0001,56,26,552,60,108,0.36,2.153846154,428.0123077,198,977.2430769
305,AUDUSD,15,0.0001,67,17,659,89,312,0.22,3.941176471,571.3917647,1.48,AUDUSD,15,0.0001,67,17,447,46,155,0.23,3.941176471,405.1923529,212,976.5841176
233,AUDUSD,15,0.0001,66,25,654,94,222,0.3,2.64,517.968,2.3,AUDUSD,15,0.0001,66,25,559,49,107,0.31,2.64,457.4856,95,975.4536
506,AUDUSD,15,0.0001,54,24,882,123,240,0.34,2.25,674.73,2.52,AUDUSD,15,0.0001,54,24,390,61,121,0.34,2.25,298.35,492,973.08
295,AUDUSD,15,0.0001,74,32,728,76,153,0.33,2.3125,555.555,2.98,AUDUSD,15,0.0001,74,32,508,38,72,0.35,2.3125,411.1625,220,966.7175
304,AUDUSD,15,0.0001,66,31,744,93,174,0.35,2.129032258,554.4,2.95,AUDUSD,15,0.0001,66,31,529,47,83,0.36,2.129032258,405.4529032,215,959.8529032
301,AUDUSD,15,0.0001,57,48,903,111,113,0.5,1.1875,536.15625,4.5,AUDUSD,15,0.0001,57,48,660,52,48,0.52,1.1875,407.55,243,943.70625
237,AUDUSD,15,0.0001,66,20,592,92,274,0.25,3.3,488.4,1.5,AUDUSD,15,0.0001,66,20,508,48,133,0.27,3.3,452.628,84,941.028
317,AUDUSD,15,0.0001,76,24,656,74,207,0.26,3.166666667,540.1066667,2,AUDUSD,15,0.0001,76,24,464,38,101,0.27,3.166666667,396.72,192,936.8266667
488,AUDUSD,15,0.0001,56,24,808,116,237,0.33,2.333333333,622.16,2.4,AUDUSD,15,0.0001,56,24,400,59,121,0.33,2.333333333,308,408,930.16
280,AUDUSD,15,0.0001,73,28,648,76,175,0.3,2.607142857,506.8285714,2.3,AUDUSD,15,0.0001,73,28,506,38,81,0.32,2.607142857,422.1485714,142,928.9771428
511,AUDUSD,15,0.0001,56,45,1040,115,120,0.49,1.244444444,634.1688889,4.49,AUDUSD,15,0.0001,56,45,482,52,54,0.49,1.244444444,293.9128889,558,928.0817778
455,AUDUSD,15,0.0001,56,46,1012,115,118,0.49,1.217391304,603.68,3.98,AUDUSD,15,0.0001,56,46,530,53,53,0.5,1.217391304,322.6086957,482,926.2886957
290,AUDUSD,15,0.0001,70,55,830,81,88,0.48,1.272727273,507.0545455,5,AUDUSD,15,0.0001,70,55,640,39,38,0.51,1.272727273,415.4181818,190,922.4727273
462,AUDUSD,15,0.0001,54,27,837,123,215,0.36,2,602.64,2.16,AUDUSD,15,0.0001,54,27,432,60,104,0.37,2,319.68,405,922.32
231,AUDUSD,15,0.0001,71,53,751,80,93,0.46,1.339622642,462.7860377,4.04,AUDUSD,15,0.0001,71,53,684,38,38,0.5,1.339622642,458.1509434,67,920.9369811
323,AUDUSD,15,0.0001,56,28,728,115,204,0.36,2,524.16,2.24,AUDUSD,15,0.0001,56,28,532,60,101,0.37,2,393.68,196,917.84
337,AUDUSD,15,0.0001,41,25,784,174,254,0.41,1.64,527.1616,2.06,AUDUSD,15,0.0001,41,25,560,85,117,0.42,1.64,385.728,224,912.8896
530,AUDUSD,15,0.0001,55,27,850,121,215,0.36,2.037037037,623.3333333,2.52,AUDUSD,15,0.0001,55,27,384,60,108,0.36,2.037037037,281.6,466,904.9333333
293,AUDUSD,15,0.0001,40,26,754,182,251,0.42,1.538461538,487.2,1.72,AUDUSD,15,0.0001,40,26,610,90,115,0.44,1.538461538,412.9230769,144,900.1230769
306,AUDUSD,15,0.0001,54,28,688,118,203,0.37,1.928571429,490.9371429,2.34,AUDUSD,15,0.0001,54,28,552,60,96,0.38,1.928571429,404.5371429,136,895.4742858
365,AUDUSD,15,0.0001,67,24,639,93,233,0.29,2.791666667,517.32375,2.39,AUDUSD,15,0.0001,67,24,456,48,115,0.29,2.791666667,369.17,183,886.49375
356,AUDUSD,15,0.0001,55,28,723,117,204,0.36,1.964285714,511.2642857,1.88,AUDUSD,15,0.0001,55,28,500,60,100,0.38,1.964285714,373.2142857,223,884.4785714
285,AUDUSD,15,0.0001,65,24,583,95,233,0.29,2.708333333,457.8979167,1.81,AUDUSD,15,0.0001,65,24,514,50,114,0.3,2.708333333,417.625,69,875.5229167
371,AUDUSD,15,0.0001,54,31,745,120,185,0.39,1.741935484,506.1193548,2.15,AUDUSD,15,0.0001,54,31,512,60,88,0.41,1.741935484,365.6670968,233,871.7864516
300,AUDUSD,15,0.0001,56,15,539,109,371,0.23,3.733333333,462.8213333,1.33,AUDUSD,15,0.0001,56,15,455,55,175,0.24,3.733333333,407.68,84,870.5013333
353,AUDUSD,15,0.0001,40,25,750,180,258,0.41,1.6,492,1.65,AUDUSD,15,0.0001,40,25,545,88,119,0.43,1.6,374.96,205,866.96
454,AUDUSD,15,0.0001,56,31,767,115,183,0.39,1.806451613,540.363871,2.93,AUDUSD,15,0.0001,56,31,458,58,90,0.39,1.806451613,322.6683871,309,863.0322581
710,AUDUSD,15,0.0001,56,20,812,117,287,0.29,2.8,659.344,2.04,AUDUSD,15,0.0001,56,20,256,56,144,0.28,2.8,200.704,556,860.048
473,AUDUSD,15,0.0001,79,32,683,69,149,0.32,2.46875,539.57,3.52,AUDUSD,15,0.0001,79,32,397,35,74,0.32,2.46875,313.63,286,853.2
376,AUDUSD,15,0.0001,41,26,757,177,250,0.41,1.576923077,489.4296154,1.47,AUDUSD,15,0.0001,41,26,536,86,115,0.43,1.576923077,363.4492308,221,852.8788462
491,AUDUSD,15,0.0001,80,32,704,68,148,0.31,2.5,545.6,2.72,AUDUSD,15,0.0001,80,32,384,34,73,0.32,2.5,307.2,320,852.8
368,AUDUSD,15,0.0001,70,27,620,86,200,0.3,2.592592593,482.2222222,2.1,AUDUSD,15,0.0001,70,27,456,42,92,0.31,2.592592593,366.4888889,164,848.7111111
472,AUDUSD,15,0.0001,73,32,702,78,156,0.33,2.28125,528.474375,2.65,AUDUSD,15,0.0001,73,32,406,38,74,0.34,2.28125,314.90375,296,843.378125
387,AUDUSD,15,0.0001,67,27,629,92,205,0.31,2.481481481,483.8640741,2.14,AUDUSD,15,0.0001,67,27,450,45,95,0.32,2.481481481,357.3333333,179,841.1974074
563,AUDUSD,15,0.0001,77,27,684,72,180,0.29,2.851851852,565.6933333,3.16,AUDUSD,15,0.0001,77,27,323,34,85,0.29,2.851851852,267.132963,361,832.8262963
526,AUDUSD,15,0.0001,43,25,795,165,252,0.4,1.72,546.96,2.2,AUDUSD,15,0.0001,43,25,415,80,121,0.4,1.72,285.52,380,832.48
358,AUDUSD,15,0.0001,74,30,600,75,165,0.31,2.466666667,458.8,2.24,AUDUSD,15,0.0001,74,30,458,37,76,0.33,2.466666667,372.812,142,831.612
318,AUDUSD,15,0.0001,73,30,568,76,166,0.31,2.433333333,428.4613333,1.93,AUDUSD,15,0.0001,73,30,494,38,76,0.33,2.433333333,396.682,74,825.1433333
359,AUDUSD,15,0.0001,70,53,724,80,92,0.47,1.320754717,449.4264151,4.81,AUDUSD,15,0.0001,70,53,576,37,38,0.49,1.320754717,372.7698113,148,822.1962264
404,AUDUSD,15,0.0001,53,26,643,123,226,0.35,2.038461538,458.7557692,1.65,AUDUSD,15,0.0001,53,26,478,62,108,0.36,2.038461538,350.7784615,165,809.5342307
405,AUDUSD,15,0.0001,57,28,644,112,205,0.35,2.035714286,458.85,1.75,AUDUSD,15,0.0001,57,28,478,58,101,0.36,2.035714286,350.3057143,166,809.1557143
615,AUDUSD,15,0.0001,72,27,702,81,190,0.3,2.666666667,561.6,2.7,AUDUSD,15,0.0001,72,27,306,38,90,0.3,2.666666667,244.8,396,806.4
388,AUDUSD,15,0.0001,66,24,546,93,233,0.29,2.75,435.435,2.1,AUDUSD,15,0.0001,66,24,432,48,114,0.3,2.75,356.4,114,791.835
520,AUDUSD,15,0.0001,77,24,600,72,206,0.26,3.208333333,500.5,2.26,AUDUSD,15,0.0001,77,24,348,36,101,0.26,3.208333333,290.29,252,790.79
605,AUDUSD,15,0.0001,53,24,716,124,244,0.34,2.208333333,537.5966667,2.18,AUDUSD,15,0.0001,53,24,334,62,123,0.34,2.208333333,250.7783333,382,788.375
377,AUDUSD,15,0.0001,71,28,558,82,188,0.3,2.535714286,424.4785714,1.7,AUDUSD,15,0.0001,71,28,447,41,88,0.32,2.535714286,362.7085714,111,787.1871428
568,AUDUSD,15,0.0001,49,29,770,140,210,0.4,1.689655172,520.4137931,2.2,AUDUSD,15,0.0001,49,29,392,66,98,0.4,1.689655172,264.937931,378,785.3517241
537,AUDUSD,15,0.0001,55,31,731,117,184,0.39,1.774193548,505.8048387,2.54,AUDUSD,15,0.0001,55,31,400,58,90,0.39,1.774193548,276.7741935,331,782.5790322
341,AUDUSD,15,0.0001,61,45,655,100,121,0.45,1.355555556,399.55,2.7,AUDUSD,15,0.0001,61,45,588,48,52,0.48,1.355555556,382.592,67,782.142
383,AUDUSD,15,0.0001,66,50,692,87,101,0.46,1.32,420.1824,3.36,AUDUSD,15,0.0001,66,50,556,41,43,0.49,1.32,359.6208,136,779.8032
330,AUDUSD,15,0.0001,40,28,636,179,233,0.43,1.428571429,390.6857143,1.24,AUDUSD,15,0.0001,40,28,592,89,106,0.46,1.428571429,389.0285714,44,779.7142857
499,AUDUSD,15,0.0001,68,27,612,90,204,0.31,2.518518519,477.8133333,2.45,AUDUSD,15,0.0001,68,27,386,43,94,0.31,2.518518519,301.3659259,226,779.1792592
338,AUDUSD,15,0.0001,52,28,572,123,208,0.37,1.857142857,393.0457143,1.6,AUDUSD,15,0.0001,52,28,532,63,98,0.39,1.857142857,385.32,40,778.3657143
465,AUDUSD,15,0.0001,75,24,561,75,211,0.26,3.125,455.8125,1.74,AUDUSD,15,0.0001,75,24,378,38,103,0.27,3.125,318.9375,183,774.75
446,AUDUSD,15,0.0001,71,50,701,81,101,0.45,1.42,447.939,4.45,AUDUSD,15,0.0001,71,50,498,38,44,0.46,1.42,325.2936,203,773.2326
504,AUDUSD,15,0.0001,57,24,624,112,240,0.32,2.375,474.24,1.92,AUDUSD,15,0.0001,57,24,393,57,119,0.32,2.375,298.68,231,772.92
570,AUDUSD,15,0.0001,42,25,748,169,254,0.4,1.68,502.656,1.8,AUDUSD,15,0.0001,42,25,394,82,122,0.4,1.68,264.768,354,767.424
361,AUDUSD,15,0.0001,65,20,485,93,278,0.25,3.25,394.0625,1.25,AUDUSD,15,0.0001,65,20,440,48,134,0.26,3.25,371.8,45,765.8625
516,AUDUSD,15,0.0001,72,26,586,80,199,0.29,2.769230769,470.6030769,2.42,AUDUSD,15,0.0001,72,26,364,39,94,0.29,2.769230769,292.32,222,762.9230769
492,AUDUSD,15,0.0001,69,27,591,88,203,0.3,2.555555556,453.1,1.8,AUDUSD,15,0.0001,69,27,387,42,93,0.31,2.555555556,306.59,204,759.69
466,AUDUSD,15,0.0001,67,32,593,91,172,0.35,2.09375,434.5578125,2.65,AUDUSD,15,0.0001,67,32,423,45,81,0.36,2.09375,318.83625,170,753.3940625
577,AUDUSD,15,0.0001,74,24,586,77,213,0.27,3.083333333,487.845,2.46,AUDUSD,15,0.0001,74,24,316,38,104,0.27,3.083333333,263.07,270,750.915
493,AUDUSD,15,0.0001,40,27,692,182,244,0.43,1.481481481,440.8296296,1.81,AUDUSD,15,0.0001,40,27,469,88,113,0.44,1.481481481,305.7185185,223,746.5481481
513,AUDUSD,15,0.0001,39,26,715,187,253,0.42,1.5,450.45,1.3,AUDUSD,15,0.0001,39,26,455,91,119,0.43,1.5,293.475,260,743.925
394,AUDUSD,15,0.0001,64,32,544,96,175,0.35,2,380.8,1.6,AUDUSD,15,0.0001,64,32,480,49,83,0.37,2,355.2,64,736
573,AUDUSD,15,0.0001,43,26,707,167,249,0.4,1.653846154,467.7076923,1.6,AUDUSD,15,0.0001,43,26,389,81,119,0.41,1.653846154,263.7719231,318,731.4796154
719,AUDUSD,15,0.0001,55,24,706,118,241,0.33,2.291666667,533.9125,2.07,AUDUSD,15,0.0001,55,24,269,59,124,0.32,2.291666667,197.2666667,437,731.1791667
413,AUDUSD,15,0.0001,61,21,493,100,267,0.27,2.904761905,386.6528571,1.14,AUDUSD,15,0.0001,61,21,423,51,128,0.28,2.904761905,344.04,70,730.6928571
439,AUDUSD,15,0.0001,59,45,663,102,119,0.46,1.311111111,399.8626667,2.84,AUDUSD,15,0.0001,59,45,523,47,50,0.48,1.311111111,329.1413333,140,729.004
525,AUDUSD,15,0.0001,55,26,614,118,226,0.34,2.115384615,441.6076923,1.54,AUDUSD,15,0.0001,55,26,388,60,112,0.35,2.115384615,287.2692308,226,728.8769231
583,AUDUSD,15,0.0001,39,25,715,185,260,0.42,1.56,468.468,1.88,AUDUSD,15,0.0001,39,25,396,89,123,0.42,1.56,259.4592,319,727.9272
545,AUDUSD,15,0.0001,58,45,748,106,120,0.47,1.288888889,453.1217778,3.41,AUDUSD,15,0.0001,58,45,444,48,52,0.48,1.288888889,274.688,304,727.8097778
481,AUDUSD,15,0.0001,57,31,592,111,185,0.38,1.838709677,413.636129,2.44,AUDUSD,15,0.0001,57,31,433,56,89,0.39,1.838709677,310.5029032,159,724.1390322
438,AUDUSD,15,0.0001,71,52,636,80,97,0.45,1.365384615,390.7730769,3.35,AUDUSD,15,0.0001,71,52,514,38,42,0.47,1.365384615,329.8496154,122,720.6226923
575,AUDUSD,15,0.0001,72,32,608,80,161,0.33,2.25,451.44,2.32,AUDUSD,15,0.0001,72,32,344,39,77,0.34,2.25,263.16,264,714.6
737,AUDUSD,15,0.0001,57,20,641,113,290,0.28,2.85,511.518,1.56,AUDUSD,15,0.0001,57,20,238,54,142,0.28,2.85,189.924,403,701.442
670,AUDUSD,15,0.0001,72,31,635,79,163,0.33,2.322580645,486.6967742,2.99,AUDUSD,15,0.0001,72,31,287,38,79,0.32,2.322580645,213.3058065,348,700.0025807
531,AUDUSD,15,0.0001,52,26,598,127,231,0.35,2,418.6,1.3,AUDUSD,15,0.0001,52,26,390,64,113,0.36,2,280.8,208,699.4
510,AUDUSD,15,0.0001,72,34,558,80,153,0.34,2.117647059,401.76,2.04,AUDUSD,15,0.0001,72,34,398,40,73,0.35,2.117647059,294.9882353,160,696.7482353
420,AUDUSD,15,0.0001,67,48,578,86,108,0.44,1.395833333,354.9883333,2.6,AUDUSD,15,0.0001,67,48,520,40,45,0.47,1.395833333,341.1416667,58,696.13
430,AUDUSD,15,0.0001,67,45,564,87,117,0.43,1.488888889,361.0853333,3.16,AUDUSD,15,0.0001,67,45,497,41,50,0.45,1.488888889,332.99,67,694.0753333
505,AUDUSD,15,0.0001,52,31,589,124,189,0.4,1.677419355,395.2,2.2,AUDUSD,15,0.0001,52,31,434,62,90,0.41,1.677419355,298.48,155,693.68
654,AUDUSD,15,0.0001,78,28,566,69,172,0.29,2.785714286,457.2471429,2.74,AUDUSD,15,0.0001,78,28,278,33,82,0.29,2.785714286,224.5842857,288,681.8314286
620,AUDUSD,15,0.0001,42,26,656,171,251,0.41,1.615384615,434.4738462,1.88,AUDUSD,15,0.0001,42,26,366,83,120,0.41,1.615384615,242.4046154,290,676.8784616
496,AUDUSD,15,0.0001,53,31,554,121,189,0.39,1.709677419,369.3929032,1.76,AUDUSD,15,0.0001,53,31,443,61,90,0.4,1.709677419,302.9548387,111,672.3477419
618,AUDUSD,15,0.0001,53,27,605,124,221,0.36,1.962962963,427.5333333,1.8,AUDUSD,15,0.0001,53,27,344,61,107,0.36,1.962962963,243.0933333,261,670.6266666
660,AUDUSD,15,0.0001,56,25,609,114,231,0.33,2.24,450.1728,1.73,AUDUSD,15,0.0001,56,25,298,58,118,0.33,2.24,220.2816,311,670.4544
579,AUDUSD,15,0.0001,72,28,520,78,182,0.3,2.571428571,401.1428571,2,AUDUSD,15,0.0001,72,28,328,38,86,0.31,2.571428571,261.4628571,192,662.6057142
744,AUDUSD,15,0.0001,39,24,711,185,271,0.41,1.625,473.70375,1.83,AUDUSD,15,0.0001,39,24,288,88,131,0.4,1.625,187.2,423,660.90375
869,AUDUSD,15,0.0001,46,25,762,147,240,0.38,1.84,532.7904,1.98,AUDUSD,15,0.0001,46,25,178,68,118,0.37,1.84,121.1824,584,653.9728
501,AUDUSD,15,0.0001,57,49,619,108,113,0.49,1.163265306,352.83,2.94,AUDUSD,15,0.0001,57,49,506,51,49,0.51,1.163265306,300.1922449,113,653.0222449
459,AUDUSD,15,0.0001,50,29,489,131,209,0.39,1.724137931,328.8103448,1.81,AUDUSD,15,0.0001,50,29,466,65,96,0.4,1.724137931,321.3793103,23,650.1896551
540,AUDUSD,15,0.0001,75,30,480,72,164,0.31,2.5,372,2.55,AUDUSD,15,0.0001,75,30,345,35,76,0.32,2.5,276,135,648
621,AUDUSD,15,0.0001,71,48,638,82,108,0.43,1.479166667,405.7945833,3.17,AUDUSD,15,0.0001,71,48,371,37,47,0.44,1.479166667,241.4591667,267,647.25375
1002,AUDUSD,15,0.0002,61,24,1641,117,229,0.34,2.541666667,1418.0975,4.9,AUDUSD,15,0.0002,61,24,715,55,110,0.33,2.541666667,599.70625,926,2017.80375
1007,AUDUSD,15,0.0002,58,23,1558,126,250,0.34,2.52173913,1335.815652,4.54,AUDUSD,15,0.0002,58,23,685,59,119,0.33,2.52173913,570.0391304,873,1905.854782
1033,AUDUSD,15,0.0002,58,24,1654,127,238,0.35,2.416666667,1399.008333,4.7,AUDUSD,15,0.0002,58,24,614,59,117,0.34,2.416666667,504.5033333,1040,1903.511666
977,AUDUSD,15,0.0002,67,23,1266,103,245,0.3,2.913043478,1106.373913,4,AUDUSD,15,0.0002,67,23,795,51,114,0.31,2.913043478,717.9195652,471,1824.293478
978,AUDUSD,15,0.0002,67,24,1314,102,230,0.31,2.791666667,1137.1575,4.21,AUDUSD,15,0.0002,67,24,758,50,108,0.32,2.791666667,677.1466667,556,1814.304167
1031,AUDUSD,15,0.0002,62,24,1438,113,232,0.33,2.583333333,1225.895,4.38,AUDUSD,15,0.0002,62,24,612,54,114,0.32,2.583333333,505.92,826,1731.815
992,AUDUSD,15,0.0002,66,23,1229,104,245,0.3,2.869565217,1058.008696,3.7,AUDUSD,15,0.0002,66,23,721,51,115,0.31,2.869565217,641.3765217,508,1699.385218
983,AUDUSD,15,0.0002,65,23,1213,105,244,0.3,2.826086957,1028.413043,3.4,AUDUSD,15,0.0002,65,23,758,52,114,0.31,2.826086957,664.073913,455,1692.486956
1049,AUDUSD,15,0.0002,59,23,1366,121,251,0.33,2.565217391,1156.348696,4.06,AUDUSD,15,0.0002,59,23,567,56,119,0.32,2.565217391,465.4330435,799,1621.78174
1027,AUDUSD,15,0.0002,62,23,1316,111,242,0.31,2.695652174,1099.718261,3.35,AUDUSD,15,0.0002,62,23,618,53,116,0.31,2.695652174,516.4330435,698,1616.151305
1035,AUDUSD,15,0.0002,57,23,1339,128,259,0.33,2.47826087,1095.06913,3.4,AUDUSD,15,0.0002,57,23,614,60,122,0.33,2.47826087,502.1452174,725,1597.214347
1096,AUDUSD,15,0.0002,57,24,1473,129,245,0.34,2.375,1189.4475,3.54,AUDUSD,15,0.0002,57,24,516,60,121,0.33,2.375,404.415,957,1593.8625
1013,AUDUSD,15,0.0002,66,24,1230,103,232,0.31,2.75,1048.575,3.9,AUDUSD,15,0.0002,66,24,636,50,111,0.31,2.75,542.19,594,1590.765
993,AUDUSD,15,0.0002,62,22,1126,109,256,0.3,2.818181818,951.9818182,3.2,AUDUSD,15,0.0002,62,22,730,54,119,0.31,2.818181818,637.7545455,396,1589.736364
1018,AUDUSD,15,0.0002,67,25,1226,103,227,0.31,2.68,1018.5608,3.52,AUDUSD,15,0.0002,67,25,642,51,111,0.31,2.68,533.3736,584,1551.9344
1022,AUDUSD,15,0.0002,65,24,1209,105,234,0.31,2.708333333,1015.05625,3.59,AUDUSD,15,0.0002,65,24,627,51,112,0.31,2.708333333,526.41875,582,1541.475
1165,AUDUSD,15,0.0002,59,24,1403,121,239,0.34,2.458333333,1172.674167,4.22,AUDUSD,15,0.0002,59,24,437,55,117,0.32,2.458333333,343.7733333,966,1516.4475
1107,AUDUSD,15,0.0002,62,25,1331,113,227,0.33,2.48,1089.2904,3.71,AUDUSD,15,0.0002,62,25,498,54,114,0.32,2.48,395.2128,833,1484.5032
1066,AUDUSD,15,0.0002,55,23,1275,134,265,0.34,2.391304348,1036.630435,3.52,AUDUSD,15,0.0002,55,23,558,62,124,0.33,2.391304348,440.3347826,717,1476.965218
986,AUDUSD,15,0.0002,63,22,961,105,257,0.29,2.863636364,798.0668182,2.65,AUDUSD,15,0.0002,63,22,743,53,118,0.31,2.863636364,659.5813636,218,1457.648182
1024,AUDUSD,15,0.0002,64,24,1120,106,236,0.31,2.666666667,925.8666667,3.28,AUDUSD,15,0.0002,64,24,616,52,113,0.32,2.666666667,525.6533333,504,1451.52
1021,AUDUSD,15,0.0002,67,21,1043,98,263,0.27,3.19047619,898.47,2.76,AUDUSD,15,0.0002,67,21,591,48,125,0.28,3.19047619,527.96,452,1426.43
1016,AUDUSD,15,0.0002,63,23,1066,106,244,0.3,2.739130435,875.973913,2.8,AUDUSD,15,0.0002,63,23,631,52,115,0.31,2.739130435,535.8013043,435,1411.775217
1080,AUDUSD,15,0.0002,60,23,1173,115,249,0.32,2.608695652,979.2,3.56,AUDUSD,15,0.0002,60,23,526,54,118,0.31,2.608695652,425.373913,647,1404.573913
998,AUDUSD,15,0.0002,69,23,920,93,239,0.28,3,772.8,2.76,AUDUSD,15,0.0002,69,23,690,47,111,0.3,3,621,230,1393.8
985,AUDUSD,15,0.0002,64,22,894,103,259,0.28,2.909090909,728.2036364,2.08,AUDUSD,15,0.0002,64,22,732,52,118,0.31,2.909090909,660.1309091,162,1388.334546
1200,AUDUSD,15,0.0002,56,24,1352,130,247,0.34,2.333333333,1072.586667,3.2,AUDUSD,15,0.0002,56,24,408,60,123,0.33,2.333333333,314.16,944,1386.746667
1065,AUDUSD,15,0.0002,59,22,1132,118,265,0.31,2.681818182,941.1036364,3.11,AUDUSD,15,0.0002,59,22,532,56,126,0.31,2.681818182,442.2854545,600,1383.389091
1152,AUDUSD,15,0.0002,55,36,1483,133,162,0.45,1.527777778,1019.5625,4.95,AUDUSD,15,0.0002,55,36,528,60,77,0.44,1.527777778,354.9333333,955,1374.495833
1017,AUDUSD,15,0.0002,64,23,998,104,246,0.3,2.782608696,833.1130435,3.1,AUDUSD,15,0.0002,64,23,619,51,115,0.31,2.782608696,533.9547826,379,1367.067826
1020,AUDUSD,15,0.0002,69,21,957,93,260,0.26,3.285714286,817.5514286,2.4,AUDUSD,15,0.0002,69,21,597,47,126,0.27,3.285714286,529.6242857,360,1347.175714
1012,AUDUSD,15,0.0002,69,24,948,92,225,0.29,2.875,790.395,2.97,AUDUSD,15,0.0002,69,24,630,46,106,0.3,2.875,543.375,318,1333.77
1144,AUDUSD,15,0.0002,56,23,1175,129,263,0.33,2.434782609,944.0869565,3.07,AUDUSD,15,0.0002,56,23,462,60,126,0.32,2.434782609,359.9582609,713,1304.045217
1174,AUDUSD,15,0.0002,61,25,1193,113,228,0.33,2.44,960.6036,3.38,AUDUSD,15,0.0002,61,25,433,53,112,0.32,2.44,338.0864,760,1298.69
1291,AUDUSD,15,0.0002,55,24,1291,133,251,0.35,2.291666667,1035.489583,3.65,AUDUSD,15,0.0002,55,24,348,60,123,0.33,2.291666667,263.175,943,1298.664583
1088,AUDUSD,15,0.0002,63,24,1077,107,236,0.31,2.625,876.40875,2.97,AUDUSD,15,0.0002,63,24,516,52,115,0.31,2.625,419.895,561,1296.30375
1195,AUDUSD,15,0.0002,59,25,1214,121,237,0.34,2.36,974.1136,3.56,AUDUSD,15,0.0002,59,25,413,57,118,0.33,2.36,321.6444,801,1295.758
984,AUDUSD,15,0.0002,64,16,720,101,359,0.22,4,633.6,1.6,AUDUSD,15,0.0002,64,16,688,49,153,0.24,4,660.48,32,1294.08
1218,AUDUSD,15,0.0002,76,31,1168,79,156,0.34,2.451612903,973.5845161,5.38,AUDUSD,15,0.0002,76,31,380,36,76,0.32,2.451612903,298.116129,788,1271.700645
1081,AUDUSD,15,0.0002,66,21,990,99,264,0.27,3.142857143,840.0857143,2.49,AUDUSD,15,0.0002,66,21,501,48,127,0.27,3.142857143,425.1342857,489,1265.22
1084,AUDUSD,15,0.0002,76,21,930,78,238,0.25,3.619047619,841.4285714,3.25,AUDUSD,15,0.0002,76,21,468,36,108,0.25,3.619047619,423.4285714,462,1264.857143
1281,AUDUSD,15,0.0002,75,31,1208,81,157,0.34,2.419354839,993.6774194,5.04,AUDUSD,15,0.0002,75,31,344,36,76,0.32,2.419354839,266.3225806,864,1260
1000,AUDUSD,15,0.0002,65,16,723,99,357,0.22,4.0625,646.18125,1.82,AUDUSD,15,0.0002,65,16,623,47,152,0.24,4.0625,607.425,100,1253.60625
1253,AUDUSD,15,0.0002,60,24,1176,114,236,0.33,2.5,970.2,3.72,AUDUSD,15,0.0002,60,24,360,52,115,0.31,2.5,279,816,1249.2
1047,AUDUSD,15,0.0002,68,23,938,97,246,0.28,2.956521739,776.5008696,2.48,AUDUSD,15,0.0002,68,23,551,47,115,0.29,2.956521739,472.4226087,387,1248.923478
1170,AUDUSD,15,0.0002,58,22,1108,120,266,0.31,2.636363636,905.5381818,2.8,AUDUSD,15,0.0002,58,22,432,56,128,0.3,2.636363636,341.6727273,676,1247.210909
1074,AUDUSD,15,0.0002,68,24,984,96,231,0.29,2.833333333,808.52,2.68,AUDUSD,15,0.0002,68,24,512,46,109,0.3,2.833333333,435.2,472,1243.72
1129,AUDUSD,15,0.0002,65,25,1075,105,230,0.31,2.6,866.45,2.9,AUDUSD,15,0.0002,65,25,465,51,114,0.31,2.6,374.79,610,1241.24
1092,AUDUSD,15,0.0002,68,55,1306,92,90,0.51,1.236363636,823.4923636,7.73,AUDUSD,15,0.0002,68,55,656,42,40,0.51,1.236363636,413.6378182,650,1237.130182
1151,AUDUSD,15,0.0002,66,25,1073,103,229,0.31,2.64,878.1432,3.21,AUDUSD,15,0.0002,66,25,450,50,114,0.3,2.64,356.4,623,1234.5432
1089,AUDUSD,15,0.0002,76,25,955,80,205,0.28,3.04,812.896,3.28,AUDUSD,15,0.0002,76,25,489,39,99,0.28,3.04,416.2368,466,1229.1328
1401,AUDUSD,15,0.0002,56,36,1444,128,159,0.45,1.555555556,1010.8,5.4,AUDUSD,15,0.0002,56,36,328,56,78,0.42,1.555555556,214.2933333,1116,1225.093333
1205,AUDUSD,15,0.0002,54,23,1142,137,272,0.33,2.347826087,884.8017391,2.41,AUDUSD,15,0.0002,54,23,404,62,128,0.33,2.347826087,313.0121739,738,1197.813913
1069,AUDUSD,15,0.0002,68,20,888,96,282,0.25,3.4,754.8,2,AUDUSD,15,0.0002,68,20,496,47,135,0.26,3.4,438.464,392,1193.264
1336,AUDUSD,15,0.0002,78,31,1139,77,157,0.33,2.516129032,945.7374194,4.97,AUDUSD,15,0.0002,78,31,312,35,78,0.31,2.516129032,243.36,827,1189.097419
1032,AUDUSD,15,0.0002,69,20,788,92,278,0.25,3.45,679.65,2.25,AUDUSD,15,0.0002,69,20,563,47,134,0.26,3.45,505.011,225,1184.661
1044,AUDUSD,15,0.0002,68,54,1138,89,91,0.49,1.259259259,702.1881481,5.78,AUDUSD,15,0.0002,68,54,736,41,38,0.52,1.259259259,481.9437037,402,1184.131852
1240,AUDUSD,15,0.0002,63,31,1192,107,179,0.37,2.032258065,896.3070968,3.78,AUDUSD,15,0.0002,63,31,391,50,89,0.36,2.032258065,286.0606452,801,1182.367742
1060,AUDUSD,15,0.0002,67,20,839,97,283,0.26,3.35,730.769,2.62,AUDUSD,15,0.0002,67,20,516,48,135,0.26,3.35,449.436,323,1180.205
1094,AUDUSD,15,0.0002,65,21,914,100,266,0.27,3.095238095,763.8428571,2.22,AUDUSD,15,0.0002,65,21,474,48,126,0.28,3.095238095,410.8,440,1174.642857
1433,AUDUSD,15,0.0002,54,24,1230,137,257,0.35,2.25,968.625,3.3,AUDUSD,15,0.0002,54,24,270,61,126,0.33,2.25,200.475,960,1169.1
1371,AUDUSD,15,0.0002,58,25,1184,123,238,0.34,2.32,933.9392,3.22,AUDUSD,15,0.0002,58,25,306,57,120,0.32,2.32,227.1744,878,1161.1136
1357,AUDUSD,15,0.0002,74,31,1127,81,157,0.34,2.387096774,914.6877419,4.7,AUDUSD,15,0.0002,74,31,308,36,76,0.32,2.387096774,235.2722581,819,1149.96
1213,AUDUSD,15,0.0002,64,31,1107,104,179,0.37,2.064516129,845.6051613,4.15,AUDUSD,15,0.0002,64,31,408,49,88,0.36,2.064516129,303.236129,699,1148.84129
1037,AUDUSD,15,0.0002,68,17,731,93,329,0.22,4,643.28,1.7,AUDUSD,15,0.0002,68,17,544,46,152,0.23,4,500.48,187,1143.76
1053,AUDUSD,15,0.0002,70,55,1095,84,87,0.49,1.272727273,682.8818182,6.25,AUDUSD,15,0.0002,70,55,710,40,38,0.51,1.272727273,460.8545455,385,1143.736364
1146,AUDUSD,15,0.0002,64,25,984,106,232,0.31,2.56,780.9024,2.59,AUDUSD,15,0.0002,64,25,453,52,115,0.31,2.56,359.5008,531,1140.4032
1208,AUDUSD,15,0.0002,60,25,1050,115,234,0.33,2.4,831.6,3.05,AUDUSD,15,0.0002,60,25,400,55,116,0.32,2.4,307.2,650,1138.8
1140,AUDUSD,15,0.0002,68,25,946,97,226,0.3,2.72,771.936,2.9,AUDUSD,15,0.0002,68,25,446,47,110,0.3,2.72,363.936,500,1135.872
1079,AUDUSD,15,0.0002,66,49,1108,94,104,0.47,1.346938776,701.4318367,5.05,AUDUSD,15,0.0002,66,49,648,41,42,0.49,1.346938776,427.68,460,1129.111837
1101,AUDUSD,15,0.0002,60,22,890,112,265,0.3,2.727272727,728.1818182,2.6,AUDUSD,15,0.0002,60,22,490,54,125,0.3,2.727272727,400.9090909,400,1129.090909
1034,AUDUSD,15,0.0002,69,17,702,90,324,0.22,4.058823529,626.8447059,1.92,AUDUSD,15,0.0002,69,17,538,45,151,0.23,4.058823529,502.2388235,164,1129.083529
1203,AUDUSD,15,0.0002,63,25,991,107,230,0.32,2.52,799.1424,3.16,AUDUSD,15,0.0002,63,25,401,52,115,0.31,2.52,313.2612,590,1112.4036
1148,AUDUSD,15,0.0002,62,21,903,105,267,0.28,2.952380952,746.48,2.24,AUDUSD,15,0.0002,62,21,433,50,127,0.28,2.952380952,357.9466667,470,1104.426667
1019,AUDUSD,15,0.0002,70,54,918,81,88,0.48,1.296296296,571.2,5.52,AUDUSD,15,0.0002,70,54,786,39,36,0.52,1.296296296,529.8222222,132,1101.022222
1138,AUDUSD,15,0.0002,61,49,1175,102,103,0.5,1.244897959,731.377551,6,AUDUSD,15,0.0002,61,49,577,44,43,0.51,1.244897959,366.3361224,598,1097.713673
1425,AUDUSD,15,0.0002,61,31,1190,112,182,0.38,1.967741935,889.8129032,3.96,AUDUSD,15,0.0002,61,31,290,51,91,0.36,1.967741935,205.4322581,900,1095.245161
1063,AUDUSD,15,0.0002,65,49,1014,94,104,0.47,1.326530612,632.1979592,4.58,AUDUSD,15,0.0002,65,49,672,42,42,0.5,1.326530612,445.7142857,342,1077.912245
1454,AUDUSD,15,0.0002,71,31,1093,87,164,0.35,2.290322581,876.1629032,4.7,AUDUSD,15,0.0002,71,31,258,39,81,0.33,2.290322581,194.9980645,835,1071.160968
1099,AUDUSD,15,0.0002,71,55,1053,83,88,0.49,1.290909091,666.0703636,6.74,AUDUSD,15,0.0002,71,55,624,39,39,0.5,1.290909091,402.7636364,429,1068.834
1011,AUDUSD,15,0.0002,65,15,600,96,376,0.2,4.333333333,520,1,AUDUSD,15,0.0002,65,15,575,46,161,0.22,4.333333333,548.1666667,25,1068.166667
1039,AUDUSD,15,0.0002,68,53,919,86,93,0.48,1.283018868,565.965283,5.08,AUDUSD,15,0.0002,68,53,744,39,36,0.52,1.283018868,496.3743396,175,1062.339623
1404,AUDUSD,15,0.0002,77,31,1031,77,158,0.33,2.483870968,845.0874194,4.64,AUDUSD,15,0.0002,77,31,277,35,78,0.31,2.483870968,213.29,754,1058.377419
1589,AUDUSD,15,0.0002,68,31,1165,96,173,0.36,2.193548387,919.9741935,4.64,AUDUSD,15,0.0002,68,31,184,41,84,0.33,2.193548387,133.1922581,981,1053.166452
1168,AUDUSD,15,0.0002,78,21,795,74,237,0.24,3.714285714,708.6857143,2.76,AUDUSD,15,0.0002,78,21,384,34,108,0.24,3.714285714,342.3085714,411,1050.994286
1256,AUDUSD,15,0.0002,61,21,918,108,270,0.29,2.904761905,773.3057143,2.78,AUDUSD,15,0.0002,61,21,341,50,129,0.28,2.904761905,277.3466667,577,1050.652381
1161,AUDUSD,15,0.0002,54,36,1062,131,167,0.44,1.5,700.92,3.6,AUDUSD,15,0.0002,54,36,522,61,77,0.44,1.5,344.52,540,1045.44
1461,AUDUSD,15,0.0002,80,31,1030,71,150,0.32,2.580645161,850.5806452,4.52,AUDUSD,15,0.0002,80,31,248,31,72,0.3,2.580645161,192,782,1042.580645
1493,AUDUSD,15,0.0002,66,31,1117,101,179,0.36,2.129032258,856.1264516,3.92,AUDUSD,15,0.0002,66,31,246,46,90,0.34,2.129032258,178.0722581,871,1034.19871
1045,AUDUSD,15,0.0002,67,16,631,93,350,0.21,4.1875,554.885625,1.43,AUDUSD,15,0.0002,67,16,519,45,156,0.22,4.1875,478.12875,112,1033.014375
1095,AUDUSD,15,0.0002,67,17,722,94,328,0.22,3.941176471,626.0164706,1.48,AUDUSD,15,0.0002,67,17,448,45,151,0.23,3.941176471,406.0988235,274,1032.115294
1467,AUDUSD,15,0.0002,65,31,1115,103,180,0.36,2.096774194,841.6451613,3.56,AUDUSD,15,0.0002,65,31,265,47,90,0.34,2.096774194,188.9193548,850,1030.564516
1331,AUDUSD,15,0.0002,62,31,1054,110,186,0.37,2,779.96,3.41,AUDUSD,15,0.0002,62,31,341,52,93,0.36,2,245.52,713,1025.48
1194,AUDUSD,15,0.0002,66,48,1086,95,108,0.47,1.375,701.8275,5.58,AUDUSD,15,0.0002,66,48,498,41,46,0.47,1.375,321.8325,588,1023.66
1141,AUDUSD,15,0.0002,64,21,793,100,267,0.27,3.047619048,652.5257143,1.95,AUDUSD,15,0.0002,64,21,426,48,126,0.28,3.047619048,363.52,367,1016.045714
1450,AUDUSD,15,0.0002,56,25,1074,129,246,0.34,2.24,817.9584,2.54,AUDUSD,15,0.0002,56,25,266,61,126,0.33,2.24,196.6272,808,1014.5856
1489,AUDUSD,15,0.0002,57,36,1221,125,164,0.43,1.583333333,831.2975,3.99,AUDUSD,15,0.0002,57,36,276,56,81,0.41,1.583333333,179.17,945,1010.4675
1381,AUDUSD,15,0.0002,61,36,1133,113,160,0.41,1.694444444,787.1202778,3.77,AUDUSD,15,0.0002,61,36,328,52,79,0.4,1.694444444,222.3111111,805,1009.431389
1462,AUDUSD,15,0.0002,79,31,993,73,154,0.32,2.548387097,809.7754839,4.2,AUDUSD,15,0.0002,79,31,251,33,76,0.3,2.548387097,191.8935484,742,1001.669032
1159,AUDUSD,15,0.0002,78,25,778,76,206,0.27,3.12,655.3872,2.81,AUDUSD,15,0.0002,78,25,411,37,99,0.27,3.12,346.2264,367,1001.6136
1117,AUDUSD,15,0.0002,76,23,714,79,230,0.26,3.304347826,613.4191304,2.74,AUDUSD,15,0.0002,76,23,450,38,106,0.26,3.304347826,386.6086957,264,1000.027826
1243,AUDUSD,15,0.0002,57,22,882,122,276,0.31,2.590909091,708.4063636,2.49,AUDUSD,15,0.0002,57,22,367,57,131,0.3,2.590909091,285.2590909,515,993.6654545
1578,AUDUSD,15,0.0002,69,31,1078,92,170,0.35,2.225806452,839.7967742,4,AUDUSD,15,0.0002,69,31,187,40,83,0.33,2.225806452,137.3545161,891,977.1512903
1182,AUDUSD,15,0.0002,76,24,744,78,216,0.27,3.166666667,636.12,3,AUDUSD,15,0.0002,76,24,388,37,101,0.27,3.166666667,331.74,356,967.86
1469,AUDUSD,15,0.0002,55,25,1010,132,250,0.35,2.2,777.7,3,AUDUSD,15,0.0002,55,25,260,62,126,0.33,2.2,188.76,750,966.46
1133,AUDUSD,15,0.0002,63,21,735,101,268,0.27,3,595.35,1.68,AUDUSD,15,0.0002,63,21,441,49,126,0.28,3,370.44,294,965.79
1197,AUDUSD,15,0.0002,62,49,1042,99,104,0.49,1.265306122,646.04,5.39,AUDUSD,15,0.0002,62,49,510,43,44,0.49,1.265306122,316.2,532,962.24
1050,AUDUSD,15,0.0002,66,16,572,94,352,0.21,4.125,495.495,1.22,AUDUSD,15,0.0002,66,16,490,45,155,0.23,4.125,464.8875,82,960.3825
1172,AUDUSD,15,0.0002,69,25,773,92,223,0.29,2.76,618.7092,2.26,AUDUSD,15,0.0002,69,25,424,46,110,0.29,2.76,339.3696,349,958.0788
1070,AUDUSD,15,0.0002,71,54,837,81,91,0.47,1.314814815,517.235,4.75,AUDUSD,15,0.0002,71,54,663,39,39,0.5,1.314814815,435.8611111,174,953.0961111
1173,AUDUSD,15,0.0002,65,48,960,96,110,0.47,1.354166667,611,5.11,AUDUSD,15,0.0002,65,48,522,42,46,0.48,1.354166667,339.3,438,950.3
1202,AUDUSD,15,0.0002,78,20,690,75,258,0.23,3.9,618.93,2.54,AUDUSD,15,0.0002,78,20,350,35,119,0.23,3.9,313.95,340,932.88
1258,AUDUSD,15,0.0002,76,20,748,78,259,0.23,3.8,653.752,2.08,AUDUSD,15,0.0002,76,20,316,36,121,0.23,3.8,276.184,432,929.936
1544,AUDUSD,15,0.0002,57,25,1000,125,245,0.34,2.28,775.2,2.88,AUDUSD,15,0.0002,57,25,206,58,124,0.32,2.28,150.2976,794,925.4976
1335,AUDUSD,15,0.0002,62,47,1075,103,113,0.48,1.319148936,680.6808511,5.32,AUDUSD,15,0.0002,62,47,393,45,51,0.47,1.319148936,243.66,682,924.3408511
1125,AUDUSD,15,0.0002,68,52,888,88,98,0.47,1.307692308,545.7784615,4.4,AUDUSD,15,0.0002,68,52,588,40,41,0.49,1.307692308,376.7723077,300,922.5507692
1431,AUDUSD,15,0.0002,53,23,943,138,277,0.33,2.304347826,717.09,2.08,AUDUSD,15,0.0002,53,23,273,62,131,0.32,2.304347826,201.3078261,670,918.3978261
1695,AUDUSD,15,0.0002,67,31,1048,98,178,0.36,2.161290323,815.4116129,4.28,AUDUSD,15,0.0002,67,31,122,43,89,0.33,2.161290323,87.01354839,926,902.4251613
1061,AUDUSD,15,0.0002,68,16,504,90,351,0.2,4.25,428.4,0.8,AUDUSD,15,0.0002,68,16,480,44,157,0.22,4.25,448.8,24,877.2
1236,AUDUSD,15,0.0002,77,21,658,74,240,0.24,3.666666667,579.04,2.52,AUDUSD,15,0.0002,77,21,329,34,109,0.24,3.666666667,289.52,329,868.56
1100,AUDUSD,15,0.0002,76,22,562,76,237,0.24,3.454545455,465.9490909,1.52,AUDUSD,15,0.0002,76,22,448,36,104,0.26,3.454545455,402.3854545,114,868.3345454
1150,AUDUSD,15,0.0002,65,17,607,98,339,0.22,3.823529412,510.5941176,1.04,AUDUSD,15,0.0002,65,17,406,46,152,0.23,3.823529412,357.0411765,201,867.6352941
1190,AUDUSD,15,0.0002,69,54,882,84,91,0.48,1.277777778,540.96,5.04,AUDUSD,15,0.0002,69,54,516,38,39,0.49,1.277777778,323.0733333,366,864.0333333
1356,AUDUSD,15,0.0002,53,36,965,133,169,0.44,1.472222222,625.1055556,3.16,AUDUSD,15,0.0002,53,36,372,60,78,0.43,1.472222222,235.4966667,593,860.6022223
1120,AUDUSD,15,0.0002,71,48,732,84,109,0.44,1.479166667,476.41,4.36,AUDUSD,15,0.0002,71,48,561,39,46,0.46,1.479166667,381.71375,171,858.12375
1237,AUDUSD,15,0.0002,61,50,939,99,102,0.49,1.22,561.3342,4.39,AUDUSD,15,0.0002,61,50,473,43,43,0.5,1.22,288.53,466,849.8642
1368,AUDUSD,15,0.0002,62,48,996,102,111,0.48,1.291666667,617.52,4.8,AUDUSD,15,0.0002,62,48,376,44,49,0.47,1.291666667,228.2633333,620,845.7833333
1460,AUDUSD,15,0.0002,70,31,851,87,169,0.34,2.258064516,653.3483871,3.34,AUDUSD,15,0.0002,70,31,258,40,82,0.33,2.258064516,192.2516129,593,845.6
1179,AUDUSD,15,0.0002,69,53,835,82,91,0.47,1.301886792,510.9254717,4.34,AUDUSD,15,0.0002,69,53,523,36,37,0.49,1.301886792,333.6345283,312,844.56
1417,AUDUSD,15,0.0002,49,36,1001,149,175,0.46,1.361111111,626.7372222,3.1,AUDUSD,15,0.0002,49,36,341,65,79,0.45,1.361111111,208.8625,660,835.5997222
1184,AUDUSD,15,0.0002,64,49,822,94,106,0.47,1.306122449,504.6073469,4.11,AUDUSD,15,0.0002,64,49,517,41,43,0.49,1.306122449,330.88,305,835.4873469
1327,AUDUSD,15,0.0002,55,22,759,127,283,0.31,2.5,588.225,1.87,AUDUSD,15,0.0002,55,22,319,59,133,0.31,2.5,247.225,440,835.45
1233,AUDUSD,15,0.0002,77,25,652,76,208,0.27,3.08,542.2032,2.54,AUDUSD,15,0.0002,77,25,349,37,100,0.27,3.08,290.2284,303,832.4316
1447,AUDUSD,15,0.0002,61,48,1016,104,111,0.48,1.270833333,619.76,4.32,AUDUSD,15,0.0002,61,48,332,44,49,0.47,1.270833333,198.3008333,684,818.0608333
1254,AUDUSD,15,0.0002,78,24,636,74,214,0.26,3.25,537.42,2.52,AUDUSD,15,0.0002,78,24,330,35,100,0.26,3.25,278.85,306,816.27
1113,AUDUSD,15,0.0002,66,50,690,90,105,0.46,1.32,418.968,3.36,AUDUSD,15,0.0002,66,50,606,41,42,0.49,1.32,391.9608,84,810.9288
1209,AUDUSD,15,0.0002,62,62,930,94,79,0.54,1,502.2,4.96,AUDUSD,15,0.0002,62,62,558,46,37,0.55,1,306.9,372,809.1
1536,AUDUSD,15,0.0002,62,32,906,107,179,0.37,1.9375,649.48875,2.78,AUDUSD,15,0.0002,62,32,222,49,88,0.36,1.9375,154.845,684,804.33375
1110,AUDUSD,15,0.0002,70,53,673,77,89,0.46,1.320754717,408.8792453,3.58,AUDUSD,15,0.0002,70,53,595,35,35,0.5,1.320754717,392.9245283,78,801.8037736
1196,AUDUSD,15,0.0002,71,23,586,86,240,0.26,3.086956522,470.3286957,1.44,AUDUSD,15,0.0002,71,23,383,42,113,0.27,3.086956522,319.2221739,203,789.5508696
1608,AUDUSD,15,0.0002,74,25,793,82,211,0.28,2.96,657.2384,2.72,AUDUSD,15,0.0002,74,25,162,38,106,0.26,2.96,124.6752,631,781.9136
1396,AUDUSD,15,0.0002,60,21,705,108,275,0.28,2.857142857,564,1.68,AUDUSD,15,0.0002,60,21,270,50,130,0.28,2.857142857,216,435,780
1121,AUDUSD,15,0.0002,67,55,671,88,95,0.48,1.218181818,392.352,3.56,AUDUSD,15,0.0002,67,55,614,42,40,0.51,1.218181818,381.4614545,57,773.8134545
1176,AUDUSD,15,0.0002,64,17,522,99,342,0.22,3.764705882,432.3388235,0.82,AUDUSD,15,0.0002,64,17,390,47,154,0.23,3.764705882,337.6941176,132,770.0329411
1296,AUDUSD,15,0.0002,77,20,595,75,259,0.22,3.85,503.965,1.34,AUDUSD,15,0.0002,77,20,295,35,120,0.23,3.85,261.2225,300,765.1875
1621,AUDUSD,15,0.0002,59,21,791,112,277,0.29,2.80952381,644.4766667,2.2,AUDUSD,15,0.0002,59,21,157,50,133,0.27,2.80952381,119.0957143,634,763.572381
1700,AUDUSD,15,0.0002,54,25,890,135,256,0.35,2.16,672.84,2.65,AUDUSD,15,0.0002,54,25,123,62,129,0.32,2.16,85.0176,767,757.8576
1189,AUDUSD,15,0.0002,62,60,790,95,85,0.53,1.033333333,432.6566667,4.66,AUDUSD,15,0.0002,62,60,572,46,38,0.55,1.033333333,325.0866667,218,757.7433334
1562,AUDUSD,15,0.0002,61,47,986,104,114,0.48,1.29787234,614.2570213,4.84,AUDUSD,15,0.0002,61,47,240,44,52,0.46,1.29787234,143.2851064,746,757.5421277
1480,AUDUSD,15,0.0002,42,24,840,188,294,0.39,1.75,573.3,1.74,AUDUSD,15,0.0002,42,24,276,86,139,0.38,1.75,183.54,564,756.84
1535,AUDUSD,15,0.0002,74,24,714,81,220,0.27,3.083333333,594.405,2.46,AUDUSD,15,0.0002,74,24,194,37,106,0.26,3.083333333,155.5233333,520,749.9283333
1507,AUDUSD,15,0.0002,56,22,728,123,280,0.31,2.545454545,574.4581818,2.18,AUDUSD,15,0.0002,56,22,222,57,135,0.3,2.545454545,169.5272727,506,743.9854545
1288,AUDUSD,15,0.0002,63,49,791,95,106,0.47,1.285714286,477.99,3.64,AUDUSD,15,0.0002,63,49,427,41,44,0.48,1.285714286,263.52,364,741.51
1448,AUDUSD,15,0.0002,68,56,908,85,87,0.49,1.214285714,540.26,4.76,AUDUSD,15,0.0002,68,56,332,37,39,0.49,1.214285714,197.54,576,737.8
1588,AUDUSD,15,0.0002,74,21,712,80,248,0.24,3.523809524,602.1485714,1.8,AUDUSD,15,0.0002,74,21,165,36,119,0.23,3.523809524,133.7285714,547,735.8771428
1186,AUDUSD,15,0.0002,61,60,756,96,85,0.53,1.016666667,407.358,4.13,AUDUSD,15,0.0002,61,60,587,47,38,0.55,1.016666667,328.2308333,169,735.5888333
1332,AUDUSD,15,0.0002,62,50,802,96,103,0.48,1.24,477.3504,3.76,AUDUSD,15,0.0002,62,50,404,42,44,0.49,1.24,245.4704,398,722.8208
1344,AUDUSD,15,0.0002,64,48,784,97,113,0.46,1.333333333,480.8533333,3.52,AUDUSD,15,0.0002,64,48,384,42,48,0.47,1.333333333,240.64,400,721.4933333
1221,AUDUSD,15,0.0002,64,20,516,99,291,0.25,3.2,412.8,1,AUDUSD,15,0.0002,64,20,356,49,139,0.26,3.2,296.192,160,708.992
1459,AUDUSD,15,0.0002,79,21,558,69,233,0.23,3.761904762,482.8028571,2,AUDUSD,15,0.0002,79,21,223,31,106,0.23,3.761904762,192.9480952,335,675.7509523
1393,AUDUSD,15,0.0002,71,24,563,85,228,0.27,2.958333333,449.69625,1.65,AUDUSD,15,0.0002,71,24,271,41,110,0.27,2.958333333,216.46125,292,666.1575
1503,AUDUSD,15,0.0002,52,36,776,134,172,0.44,1.444444444,493.1911111,2.72,AUDUSD,15,0.0002,52,36,276,60,79,0.43,1.444444444,171.4266667,500,664.6177778
1484,AUDUSD,15,0.0002,73,23,581,82,235,0.26,3.173913043,479.4513043,1.96,AUDUSD,15,0.0002,73,23,221,38,111,0.26,3.173913043,182.3730435,360,661.8243478
1545,AUDUSD,15,0.0002,54,22,672,131,291,0.31,2.454545455,511.3309091,1.56,AUDUSD,15,0.0002,54,22,204,60,138,0.3,2.454545455,150.2181818,468,661.5490909
1622,AUDUSD,15,0.0002,61,20,648,108,297,0.27,3.05,533.628,1.87,AUDUSD,15,0.0002,61,20,150,50,145,0.26,3.05,118.95,498,652.578
1443,AUDUSD,15,0.0002,48,36,732,148,177,0.46,1.333333333,448.96,2.64,AUDUSD,15,0.0002,48,36,324,66,79,0.46,1.333333333,198.72,408,647.68
1468,AUDUSD,15,0.0002,72,23,548,83,236,0.26,3.130434783,446.0243478,1.7,AUDUSD,15,0.0002,72,23,232,39,112,0.26,3.130434783,188.8278261,316,634.8521739
1364,AUDUSD,15,0.0002,70,56,672,76,83,0.48,1.25,403.2,4.48,AUDUSD,15,0.0002,70,56,378,35,37,0.49,1.25,231.525,294,634.725
1717,AUDUSD,15,0.0003,69,34,1630,100,155,0.39,2.029411765,1290.097059,6.17,AUDUSD,15,0.0003,69,34,763,49,77,0.39,2.029411765,603.8920588,867,1893.989118
1731,AUDUSD,15,0.0003,72,34,1630,93,149,0.38,2.117647059,1311.670588,6.28,AUDUSD,15,0.0003,72,34,652,44,74,0.37,2.117647059,510.8611765,978,1822.531765
1726,AUDUSD,15,0.0003,68,34,1632,103,158,0.39,2,1272.96,5.78,AUDUSD,15,0.0003,68,34,680,49,78,0.39,2,530.4,952,1803.36
1744,AUDUSD,15,0.0003,70,34,1450,96,155,0.38,2.058823529,1134.411765,5.52,AUDUSD,15,0.0003,70,34,602,46,77,0.37,2.058823529,458.5823529,848,1592.994118
1758,AUDUSD,15,0.0003,71,34,1472,94,153,0.38,2.088235294,1168.075294,5.9,AUDUSD,15,0.0003,71,34,540,44,76,0.37,2.088235294,417.2294118,932,1585.304706
1721,AUDUSD,15,0.0003,55,25,1250,140,258,0.35,2.2,962.5,3,AUDUSD,15,0.0003,55,25,725,70,125,0.36,2.2,574.2,525,1536.7
1734,AUDUSD,15,0.0003,55,24,1302,138,262,0.34,2.291666667,1014.475,2.86,AUDUSD,15,0.0003,55,24,630,66,125,0.35,2.291666667,505.3125,672,1519.7875
1881,AUDUSD,15,0.0003,75,34,1486,86,146,0.37,2.205882353,1212.838235,6.33,AUDUSD,15,0.0003,75,34,327,37,72,0.34,2.205882353,245.25,1159,1458.088235
1817,AUDUSD,15,0.0003,49,36,1687,163,175,0.48,1.361111111,1102.173333,4.8,AUDUSD,15,0.0003,49,36,491,71,83,0.46,1.361111111,307.4205556,1196,1409.593889
1781,AUDUSD,15,0.0003,55,36,1506,138,169,0.45,1.527777778,1035.375,4.95,AUDUSD,15,0.0003,55,36,549,63,81,0.44,1.527777778,369.05,957,1404.425
1789,AUDUSD,15,0.0003,49,39,1619,158,157,0.5,1.256410256,1017.064103,5,AUDUSD,15,0.0003,49,39,573,69,72,0.49,1.256410256,352.7623077,1046,1369.826411
1813,AUDUSD,15,0.0003,56,36,1472,133,166,0.44,1.555555556,1007.502222,4.48,AUDUSD,15,0.0003,56,36,464,61,82,0.43,1.555555556,310.3644444,1008,1317.866666
1824,AUDUSD,15,0.0003,72,32,1256,89,161,0.36,2.25,1017.36,5.44,AUDUSD,15,0.0003,72,32,392,41,80,0.34,2.25,299.88,864,1317.24
1761,AUDUSD,15,0.0003,57,36,1326,130,169,0.43,1.583333333,902.785,3.99,AUDUSD,15,0.0003,57,36,603,63,83,0.43,1.583333333,410.5425,723,1313.3275
1787,AUDUSD,15,0.0003,56,24,1192,134,263,0.34,2.333333333,945.6533333,3.2,AUDUSD,15,0.0003,56,24,464,64,130,0.33,2.333333333,357.28,728,1302.933333
1794,AUDUSD,15,0.0003,76,32,1188,83,160,0.34,2.375,959.31,4.72,AUDUSD,15,0.0003,76,32,436,39,79,0.33,2.375,341.715,752,1301.025
2012,AUDUSD,15,0.0003,75,33,1425,85,150,0.36,2.272727273,1165.909091,5.88,AUDUSD,15,0.0003,75,33,183,35,74,0.32,2.272727273,133.0909091,1242,1299
1935,AUDUSD,15,0.0003,74,34,1372,87,149,0.37,2.176470588,1104.863529,5.96,AUDUSD,15,0.0003,74,34,262,38,75,0.34,2.176470588,193.88,1110,1298.743529
1924,AUDUSD,15,0.0003,72,33,1332,90,156,0.37,2.181818182,1075.287273,5.85,AUDUSD,15,0.0003,72,33,273,40,79,0.34,2.181818182,202.5163636,1059,1277.803637
1852,AUDUSD,15,0.0003,58,24,1188,126,255,0.33,2.416666667,947.43,3.06,AUDUSD,15,0.0003,58,24,350,59,128,0.32,2.416666667,270.6666667,838,1218.096667
1750,AUDUSD,15,0.0003,69,31,992,93,175,0.35,2.225806452,772.8,4,AUDUSD,15,0.0003,69,31,570,46,84,0.35,2.225806452,444.0483871,422,1216.848387
1782,AUDUSD,15,0.0003,56,25,1116,136,260,0.34,2.24,849.9456,2.54,AUDUSD,15,0.0003,56,25,477,67,131,0.34,2.24,363.2832,639,1213.2288
1752,AUDUSD,15,0.0003,70,32,1000,92,170,0.35,2.1875,765.625,3.7,AUDUSD,15,0.0003,70,32,558,45,81,0.36,2.1875,439.425,442,1205.05
1849,AUDUSD,15,0.0003,57,34,1324,130,179,0.42,1.676470588,932.2517647,4.22,AUDUSD,15,0.0003,57,34,406,62,92,0.4,1.676470588,272.2588235,918,1204.510588
1812,AUDUSD,15,0.0003,54,24,1158,141,269,0.34,2.25,885.87,2.52,AUDUSD,15,0.0003,54,24,414,65,129,0.34,2.25,316.71,744,1202.58
1755,AUDUSD,15,0.0003,69,32,1014,94,171,0.35,2.15625,765.253125,3.35,AUDUSD,15,0.0003,69,32,550,46,82,0.36,2.15625,426.9375,464,1192.190625
1808,AUDUSD,15,0.0003,72,31,1097,88,169,0.34,2.322580645,866.276129,4.02,AUDUSD,15,0.0003,72,31,420,42,84,0.33,2.322580645,321.9096774,677,1188.185806
1770,AUDUSD,15,0.0003,76,25,883,83,217,0.28,3.04,751.6096,3.28,AUDUSD,15,0.0003,76,25,465,40,103,0.28,3.04,395.808,418,1147.4176
1841,AUDUSD,15,0.0003,77,32,1072,80,159,0.33,2.40625,851.235,3.97,AUDUSD,15,0.0003,77,32,366,38,80,0.32,2.40625,281.82,706,1133.055
2020,AUDUSD,15,0.0003,56,34,1396,133,178,0.43,1.647058824,988.6964706,4.7,AUDUSD,15,0.0003,56,34,198,60,93,0.39,1.647058824,127.1858824,1198,1115.882353
1816,AUDUSD,15,0.0003,54,36,1206,139,175,0.44,1.5,795.96,3.6,AUDUSD,15,0.0003,54,36,468,64,83,0.44,1.5,308.88,738,1104.84
2032,AUDUSD,15,0.0003,49,35,1498,162,184,0.47,1.4,985.684,4.48,AUDUSD,15,0.0003,49,35,196,69,91,0.43,1.4,117.992,1302,1103.676
1899,AUDUSD,15,0.0003,67,34,1158,100,163,0.38,1.970588235,867.1376471,4.38,AUDUSD,15,0.0003,67,34,328,46,81,0.36,1.970588235,232.6870588,830,1099.824706
1840,AUDUSD,15,0.0003,52,36,1256,146,176,0.45,1.444444444,816.4,3.6,AUDUSD,15,0.0003,52,36,444,66,83,0.44,1.444444444,282.1866667,812,1098.586667
1856,AUDUSD,15,0.0003,60,25,1040,119,244,0.33,2.4,823.68,3.05,AUDUSD,15,0.0003,60,25,345,57,123,0.32,2.4,264.96,695,1088.64
1814,AUDUSD,15,0.0003,54,25,1018,142,266,0.35,2.16,769.608,2.65,AUDUSD,15,0.0003,54,25,422,68,130,0.34,2.16,309.9168,596,1079.5248
1892,AUDUSD,15,0.0003,51,36,1284,148,174,0.46,1.416666667,836.74,4.02,AUDUSD,15,0.0003,51,36,378,66,83,0.44,1.416666667,235.62,906,1072.36
1842,AUDUSD,15,0.0003,57,35,1158,129,177,0.42,1.628571429,792.072,3.64,AUDUSD,15,0.0003,57,35,419,62,89,0.41,1.628571429,279.7722857,739,1071.844286
1803,AUDUSD,15,0.0003,68,31,948,96,180,0.35,2.193548387,727.8193548,3.65,AUDUSD,15,0.0003,68,31,431,46,87,0.35,2.193548387,330.8967742,517,1058.716129
1887,AUDUSD,15,0.0003,71,32,1039,89,165,0.35,2.21875,806.8484375,4.05,AUDUSD,15,0.0003,71,32,319,41,81,0.34,2.21875,240.645625,720,1047.494063
2079,AUDUSD,15,0.0003,75,32,1169,83,158,0.34,2.34375,931.546875,4.38,AUDUSD,15,0.0003,75,32,129,35,78,0.31,2.34375,93.7265625,1040,1025.273438
1934,AUDUSD,15,0.0003,79,34,1052,74,141,0.34,2.323529412,831.08,4.42,AUDUSD,15,0.0003,79,34,261,33,69,0.32,2.323529412,194.0611765,791,1025.141177
2016,AUDUSD,15,0.0003,77,34,1119,79,146,0.35,2.264705882,886.9720588,4.85,AUDUSD,15,0.0003,77,34,179,35,74,0.32,2.264705882,129.7223529,940,1016.694412
1999,AUDUSD,15,0.0003,50,35,1315,153,181,0.46,1.428571429,864.1428571,4.1,AUDUSD,15,0.0003,50,35,235,67,89,0.43,1.428571429,144.3571429,1080,1008.5
2013,AUDUSD,15,0.0003,78,34,1086,78,147,0.35,2.294117647,871.9941176,5.2,AUDUSD,15,0.0003,78,34,180,35,75,0.32,2.294117647,132.1411765,906,1004.135294
1927,AUDUSD,15,0.0003,53,36,1209,141,174,0.45,1.472222222,800.9625,4.05,AUDUSD,15,0.0003,53,36,315,63,84,0.43,1.472222222,199.4125,894,1000.375
1952,AUDUSD,15,0.0003,50,36,1264,152,176,0.46,1.388888889,807.5555556,3.56,AUDUSD,15,0.0003,50,36,290,67,85,0.44,1.388888889,177.2222222,974,984.7777778
1977,AUDUSD,15,0.0003,55,35,1215,136,179,0.43,1.571428571,820.9928571,3.7,AUDUSD,15,0.0003,55,35,240,61,89,0.41,1.571428571,154.6285714,975,975.6214285
1981,AUDUSD,15,0.0003,74,31,1008,84,168,0.33,2.387096774,794.043871,3.65,AUDUSD,15,0.0003,74,31,208,38,84,0.31,2.387096774,153.92,800,947.963871
1906,AUDUSD,15,0.0003,50,39,1149,147,159,0.48,1.282051282,707.0769231,3.72,AUDUSD,15,0.0003,50,39,375,66,75,0.47,1.282051282,225.9615385,774,933.0384616
1863,AUDUSD,15,0.0003,67,31,888,97,181,0.35,2.161290323,671.7290323,3.3,AUDUSD,15,0.0003,67,31,354,46,88,0.34,2.161290323,260.1329032,534,931.8619355
2031,AUDUSD,15,0.0003,75,31,1004,82,166,0.33,2.419354839,801.5806452,3.98,AUDUSD,15,0.0003,75,31,158,36,82,0.31,2.419354839,118.5,846,920.0806452
1870,AUDUSD,15,0.0003,68,32,896,96,176,0.35,2.125,666.4,3,AUDUSD,15,0.0003,68,32,340,45,85,0.35,2.125,252.875,556,919.275
1990,AUDUSD,15,0.0003,77,33,968,79,155,0.34,2.333333333,767.9466667,4.4,AUDUSD,15,0.0003,77,33,198,36,78,0.32,2.333333333,147.84,770,915.7866667
1949,AUDUSD,15,0.0003,57,32,1027,123,187,0.4,1.78125,731.7375,3.6,AUDUSD,15,0.0003,57,32,266,58,95,0.38,1.78125,180.04875,761,911.78625
2091,AUDUSD,15,0.0003,55,34,1203,135,183,0.42,1.617647059,817.3323529,3.38,AUDUSD,15,0.0003,55,34,138,60,93,0.39,1.617647059,87.06176471,1065,904.3941176
1882,AUDUSD,15,0.0003,69,33,876,94,170,0.36,2.090909091,659.3890909,3.72,AUDUSD,15,0.0003,69,33,333,45,84,0.35,2.090909091,243.6954545,543,903.0845454
1917,AUDUSD,15,0.0003,68,33,922,98,174,0.36,2.060606061,683.9563636,3.36,AUDUSD,15,0.0003,68,33,290,46,86,0.35,2.060606061,209.1515152,632,893.1078788
1931,AUDUSD,15,0.0003,45,36,1161,173,184,0.48,1.25,696.6,2.88,AUDUSD,15,0.0003,45,36,333,77,87,0.47,1.25,195.6375,828,892.2375
1897,AUDUSD,15,0.0003,80,31,800,72,160,0.31,2.580645161,640,3.41,AUDUSD,15,0.0003,80,31,302,34,78,0.3,2.580645161,233.8064516,498,873.8064516
1961,AUDUSD,15,0.0003,79,32,886,74,155,0.32,2.46875,699.94,3.52,AUDUSD,15,0.0003,79,32,222,34,77,0.31,2.46875,169.899375,664,869.839375
2029,AUDUSD,15,0.0003,71,33,973,89,162,0.35,2.151515152,732.6984848,3.4,AUDUSD,15,0.0003,71,33,167,40,81,0.33,2.151515152,118.57,806,851.2684848
1905,AUDUSD,15,0.0003,70,35,840,92,160,0.37,2,621.6,3.85,AUDUSD,15,0.0003,70,35,315,44,79,0.36,2,226.8,525,848.4
1875,AUDUSD,15,0.0003,79,31,745,73,162,0.31,2.548387097,588.55,3.1,AUDUSD,15,0.0003,79,31,316,35,79,0.31,2.548387097,249.64,429,838.19
2084,AUDUSD,15,0.0003,78,32,904,76,157,0.33,2.4375,727.155,4.3,AUDUSD,15,0.0003,78,32,124,34,79,0.3,2.4375,90.675,780,817.83
1976,AUDUSD,15,0.0003,72,35,876,88,156,0.36,2.057142857,648.7405714,3.52,AUDUSD,15,0.0003,72,35,222,41,78,0.34,2.057142857,155.2731429,654,804.0137143
2063,AUDUSD,15,0.0003,66,34,924,99,165,0.38,1.941176471,681.5858824,4,AUDUSD,15,0.0003,66,34,148,45,83,0.35,1.941176471,100.5529412,776,782.1388236
2074,AUDUSD,15,0.0003,61,36,978,114,166,0.41,1.694444444,679.4383333,3.77,AUDUSD,15,0.0003,61,36,148,52,84,0.38,1.694444444,95.29555556,830,774.7338889
2061,AUDUSD,15,0.0003,73,31,862,84,170,0.33,2.35483871,669.8574194,3.32,AUDUSD,15,0.0003,73,31,139,38,85,0.31,2.35483871,101.47,723,771.3274194
1967,AUDUSD,15,0.0003,67,32,803,97,178,0.35,2.09375,588.4484375,2.65,AUDUSD,15,0.0003,67,32,231,45,87,0.34,2.09375,164.443125,572,752.8915625
1991,AUDUSD,15,0.0003,76,31,751,78,167,0.32,2.451612903,589.1716129,3.24,AUDUSD,15,0.0003,76,31,194,36,82,0.31,2.451612903,147.44,557,736.6116129
1958,AUDUSD,15,0.0003,70,33,760,91,170,0.35,2.121212121,564.2424242,3.05,AUDUSD,15,0.0003,70,33,238,43,84,0.34,2.121212121,171.6484848,522,735.890909
2041,AUDUSD,15,0.0003,42,24,912,200,312,0.39,1.75,622.44,1.74,AUDUSD,15,0.0003,42,24,174,91,152,0.37,1.75,112.665,738,735.105
2088,AUDUSD,15,0.0003,45,35,1010,171,191,0.47,1.285714286,610.3285714,2.6,AUDUSD,15,0.0003,45,35,155,75,92,0.45,1.285714286,89.67857143,855,700.0071428
2095,AUDUSD,15,0.0003,48,36,996,158,183,0.46,1.333333333,610.88,2.64,AUDUSD,15,0.0003,48,36,144,69,88,0.44,1.333333333,84.48,852,695.36
1844,AUDUSD,15,0.0003,66,25,525,100,243,0.29,2.64,401.94,1.39,AUDUSD,15,0.0003,66,25,350,50,118,0.3,2.64,277.2,175,679.14
2081,AUDUSD,15,0.0003,78,31,751,76,167,0.31,2.516129032,585.78,2.79,AUDUSD,15,0.0003,78,31,126,35,84,0.29,2.516129032,91.93935484,625,677.7193548
2055,AUDUSD,15,0.0003,62,31,775,108,191,0.36,2,558,2.48,AUDUSD,15,0.0003,62,31,155,51,97,0.34,2,105.4,620,663.4
2062,AUDUSD,15,0.0003,71,35,754,89,159,0.36,2.028571429,550.6354286,3.16,AUDUSD,15,0.0003,71,35,146,41,79,0.34,2.028571429,100.6982857,608,651.3337143
