,Pair,RV,AR,TP,SL,Total Pips,Win Trade,Lose Trade,Win Rate,R/R,Score,ATTR,RV,AR,TP,SL,Total Pips,Win Trade,Lose Trade,Win Rate,R/R,Score,ATTR,s,a
21,AUDUSD,25,0.0001,65,65,1365,79,58,0.58,1,791.7,10.4,25,0.0001,65,65,975,42,27,0.61,1,594.75,14.3,390,1386.45
83,AUDUSD,25,0.0001,66,65,1181,76,59,0.56,1.015384615,671.5347692,8.36,25,0.0001,66,65,754,39,28,0.58,1.015384615,444.048,10.98,427,1115.582769
158,AUDUSD,25,0.0001,69,65,1064,71,59,0.55,1.061538462,621.2123077,8.7,25,0.0001,69,65,595,35,28,0.56,1.061538462,353.7046154,10.04,469,974.9169231
303,AUDUSD,25,0.0001,76,65,1105,65,59,0.52,1.169230769,671.84,8.32,25,0.0001,76,65,406,31,30,0.51,1.169230769,242.1009231,6.91,699,913.9409231
185,AUDUSD,25,0.0001,69,66,1005,71,59,0.55,1.045454545,577.875,8.25,25,0.0001,69,66,567,35,28,0.56,1.045454545,331.9527273,9.6,438,909.8277273
177,AUDUSD,25,0.0001,66,66,990,75,60,0.56,1,554.4,7.92,25,0.0001,66,66,594,38,29,0.57,1,338.58,9.24,396,892.98
200,AUDUSD,25,0.0001,69,67,1015,72,59,0.55,1.029850746,574.9141791,7.8,25,0.0001,69,67,539,35,28,0.56,1.029850746,310.8501493,9.16,476,885.7643284
113,AUDUSD,25,0.0001,80,53,721,64,83,0.44,1.509433962,478.8528302,5.52,25,0.0001,80,53,573,33,39,0.46,1.509433962,397.8566038,8.18,148,876.709434
342,AUDUSD,25,0.0001,76,66,1046,65,59,0.52,1.151515152,626.3321212,7.84,25,0.0001,76,66,376,31,30,0.51,1.151515152,220.8145455,6.42,670,847.1466667
379,AUDUSD,25,0.0001,76,67,1063,66,59,0.53,1.134328358,639.0692537,8.79,25,0.0001,76,67,346,31,30,0.51,1.134328358,200.1635821,5.93,717,839.2328358
152,AUDUSD,25,0.0001,78,53,721,67,85,0.44,1.471698113,466.8815094,4.64,25,0.0001,78,53,532,34,40,0.46,1.471698113,360.1539623,7.26,189,827.0354717
137,AUDUSD,25,0.0001,79,53,657,64,83,0.44,1.490566038,430.8928302,5.08,25,0.0001,79,53,540,33,39,0.46,1.490566038,370.2566038,7.72,117,801.149434
412,AUDUSD,25,0.0001,73,65,999,68,61,0.53,1.123076923,594.6355385,8.14,25,0.0001,73,65,321,32,31,0.51,1.123076923,183.8589231,5.38,678,778.4944616
302,AUDUSD,25,0.0001,70,65,930,69,60,0.53,1.076923077,530.8153846,6.55,25,0.0001,70,65,425,33,29,0.53,1.076923077,242.5769231,6.55,505,773.3923077
382,AUDUSD,25,0.0001,68,65,993,71,59,0.55,1.046153846,571.3569231,8.15,25,0.0001,68,65,359,33,29,0.53,1.046153846,199.0516923,5.49,634,770.4086154
337,AUDUSD,25,0.0001,71,65,934,69,61,0.53,1.092307692,540.7141538,7.08,25,0.0001,71,65,393,33,30,0.52,1.092307692,223.224,5.72,541,763.9381538
343,AUDUSD,25,0.0001,75,65,900,64,60,0.52,1.153846154,540,7.8,25,0.0001,75,65,375,31,30,0.51,1.153846154,220.6730769,6.4,525,760.6730769
146,AUDUSD,25,0.0001,76,53,610,68,86,0.44,1.433962264,384.8754717,3.76,25,0.0001,76,53,540,35,40,0.47,1.433962264,363.9396226,7.63,70,748.8150943
435,AUDUSD,25,0.0001,77,65,951,63,60,0.51,1.184615385,574.5503077,7.42,25,0.0001,77,65,295,30,31,0.49,1.184615385,171.2361538,4.58,656,745.7864615
381,AUDUSD,25,0.0001,74,65,910,65,60,0.52,1.138461538,538.72,7.28,25,0.0001,74,65,344,31,30,0.51,1.138461538,199.7316923,5.89,566,738.4516923
266,AUDUSD,25,0.0001,76,56,740,65,75,0.46,1.357142857,461.9714286,4.72,25,0.0001,76,56,416,32,36,0.47,1.357142857,265.3485714,6.04,324,727.32
449,AUDUSD,25,0.0001,73,66,938,68,61,0.53,1.106060606,549.8669697,7.67,25,0.0001,73,66,290,32,31,0.51,1.106060606,163.5863636,4.89,648,713.4533333
339,AUDUSD,25,0.0001,70,66,870,69,60,0.53,1.060606061,489.0454545,6.08,25,0.0001,70,66,396,33,29,0.53,1.060606061,222.6,6.08,474,711.6454545
417,AUDUSD,25,0.0001,68,66,934,71,59,0.55,1.03030303,529.2666667,7.7,25,0.0001,68,66,330,33,29,0.53,1.03030303,180.2,5.02,604,709.4666667
375,AUDUSD,25,0.0001,71,66,873,69,61,0.53,1.075757576,497.7422727,6.61,25,0.0001,71,66,363,33,30,0.52,1.075757576,203.06,5.24,510,700.8022727
374,AUDUSD,25,0.0001,70,67,880,70,60,0.54,1.044776119,496.4776119,6.98,25,0.0001,70,67,367,33,29,0.53,1.044776119,203.219403,5.61,513,699.6970149
380,AUDUSD,25,0.0001,75,66,840,64,60,0.52,1.136363636,496.3636364,7.32,25,0.0001,75,66,345,31,30,0.51,1.136363636,199.9431818,5.91,495,696.3068182
497,AUDUSD,25,0.0001,73,67,950,69,61,0.53,1.089552239,548.5895522,7.2,25,0.0001,73,67,259,32,31,0.51,1.089552239,143.9189552,4.4,691,692.5085074
453,AUDUSD,25,0.0001,68,67,943,72,59,0.55,1.014925373,526.3910448,7.25,25,0.0001,68,67,301,33,29,0.53,1.014925373,161.9110448,4.55,642,688.3020896
480,AUDUSD,25,0.0001,77,66,891,63,60,0.51,1.166666667,530.145,6.93,25,0.0001,77,66,264,30,31,0.49,1.166666667,150.92,4.07,627,681.065
414,AUDUSD,25,0.0001,71,67,883,70,61,0.53,1.059701493,495.9297015,6.14,25,0.0001,71,67,333,33,30,0.52,1.059701493,183.4979104,4.76,550,679.4276119
418,AUDUSD,25,0.0001,75,67,855,65,60,0.52,1.119402985,497.6865672,6.84,25,0.0001,75,67,315,31,30,0.51,1.119402985,179.8320896,5.42,540,677.5186568
419,AUDUSD,25,0.0001,74,66,850,65,60,0.52,1.121212121,495.5757576,6.8,25,0.0001,74,66,314,31,30,0.51,1.121212121,179.5509091,5.4,536,675.1266667
520,AUDUSD,25,0.0001,77,67,908,64,60,0.52,1.149253731,542.6316418,7.88,25,0.0001,77,67,233,30,31,0.49,1.149253731,131.2102985,3.56,675,673.8419403
451,AUDUSD,25,0.0001,72,65,866,68,62,0.52,1.107692308,498.816,6.24,25,0.0001,72,65,289,32,31,0.51,1.107692308,163.2627692,4.87,577,662.0787692
457,AUDUSD,25,0.0001,74,67,864,66,60,0.52,1.104477612,496.2197015,6.32,25,0.0001,74,67,284,31,30,0.51,1.104477612,159.9725373,4.91,580,656.1922388
230,AUDUSD,25,0.0001,77,53,548,67,87,0.44,1.452830189,350.3064151,4.2,25,0.0001,77,53,445,34,41,0.45,1.452830189,290.9292453,5.5,103,641.2356604
344,AUDUSD,25,0.0001,67,65,727,71,62,0.53,1.030769231,397.1656923,4.96,25,0.0001,67,65,395,35,30,0.54,1.030769231,219.8630769,6.28,332,617.0287692
498,AUDUSD,25,0.0001,72,66,804,68,62,0.52,1.090909091,456.0872727,5.76,25,0.0001,72,66,258,32,31,0.51,1.090909091,143.5418182,4.38,546,599.6290909
227,AUDUSD,25,0.0001,76,55,485,65,81,0.45,1.381818182,301.5818182,3.95,25,0.0001,76,55,452,32,36,0.47,1.381818182,293.5534545,6.57,33,595.1352727
534,AUDUSD,25,0.0001,72,67,814,69,62,0.53,1.074626866,463.6155224,6.67,25,0.0001,72,67,227,32,31,0.51,1.074626866,124.4095522,3.89,587,588.0250746
305,AUDUSD,25,0.0001,75,56,544,64,76,0.46,1.339285714,335.1428571,4.26,25,0.0001,75,56,384,32,36,0.47,1.339285714,241.7142857,5.57,160,576.8571428
345,AUDUSD,25,0.0001,74,56,554,65,76,0.46,1.321428571,336.7528571,3.8,25,0.0001,74,56,352,32,36,0.47,1.321428571,218.6171429,5.1,202,555.37
466,AUDUSD,25,0.0001,79,56,550,58,72,0.45,1.410714286,349.1517857,4.75,25,0.0001,79,56,252,28,35,0.44,1.410714286,156.42,3.4,298,505.5717857
438,AUDUSD,25,0.0001,63,63,630,77,67,0.53,1,333.9,3.78,25,0.0001,63,63,315,37,32,0.54,1,170.1,5.04,315,504
311,AUDUSD,25,0.0001,79,55,426,59,77,0.43,1.436363636,263.1130909,2.62,25,0.0001,79,55,366,29,35,0.45,1.436363636,236.5690909,5.3,60,499.6821818
359,AUDUSD,25,0.0001,71,56,460,68,78,0.47,1.267857143,274.1107143,3.69,25,0.0001,71,56,342,34,37,0.48,1.267857143,208.1314286,4.96,118,482.2421429
306,AUDUSD,25,0.0001,69,56,406,70,79,0.47,1.232142857,235.1175,2.75,25,0.0001,69,56,399,35,36,0.49,1.232142857,240.89625,5.25,7,476.01375
472,AUDUSD,25,0.0001,78,56,502,61,76,0.45,1.392857143,314.6464286,4.3,25,0.0001,78,56,246,29,36,0.45,1.392857143,154.1892857,4.3,256,468.8357143
329,AUDUSD,25,0.0001,78,55,381,62,81,0.43,1.418181818,232.3407273,2.19,25,0.0001,78,55,360,30,36,0.45,1.418181818,229.7454545,4.85,21,462.0861818
461,AUDUSD,25,0.0001,73,56,506,66,77,0.46,1.303571429,303.4192857,3.34,25,0.0001,73,56,264,32,37,0.46,1.303571429,158.3057143,3.34,242,461.725
532,AUDUSD,25,0.0001,80,56,528,57,72,0.44,1.428571429,331.8857143,3.84,25,0.0001,80,56,200,27,35,0.44,1.428571429,125.7142857,3.84,328,457.6
377,AUDUSD,25,0.0001,80,55,405,58,77,0.43,1.454545455,253.3090909,3.05,25,0.0001,80,55,315,28,35,0.44,1.454545455,201.6,4.4,90,454.9090909
338,AUDUSD,25,0.0001,70,56,392,68,78,0.47,1.25,230.3,3.22,25,0.0001,70,56,364,34,36,0.49,1.25,222.95,5.74,28,453.25
437,AUDUSD,25,0.0001,80,54,426,60,81,0.43,1.481481481,271.3777778,3.62,25,0.0001,80,54,268,29,38,0.43,1.481481481,170.7259259,3.62,158,442.1037037
358,AUDUSD,25,0.0001,65,31,317,85,168,0.34,2.096774194,225.9903226,1.64,25,0.0001,65,31,284,43,81,0.35,2.096774194,208.4193548,2.6,33,434.4096774
488,AUDUSD,25,0.0001,77,56,462,62,77,0.45,1.375,285.8625,3.85,25,0.0001,77,56,238,30,37,0.45,1.375,147.2625,3.85,224,433.125
548,AUDUSD,25,0.0001,63,62,574,78,70,0.53,1.016129032,309.1267742,4.25,25,0.0001,63,62,224,38,35,0.52,1.016129032,118.3587097,3,350,427.4854839
493,AUDUSD,25,0.0001,78,54,432,63,83,0.43,1.444444444,268.32,2.76,25,0.0001,78,54,234,30,39,0.43,1.444444444,145.34,2.76,198,413.66
538,AUDUSD,25,0.0001,67,66,532,70,63,0.53,1.015151515,286.2321212,4.49,25,0.0001,67,66,232,34,31,0.52,1.015151515,122.4678788,3.16,300,408.7
482,AUDUSD,25,0.0001,79,54,366,60,81,0.43,1.462962963,230.2411111,3.19,25,0.0001,79,54,239,29,38,0.43,1.462962963,150.3487037,3.19,127,380.5898148
442,AUDUSD,25,0.0001,36,25,342,172,234,0.42,1.44,206.8416,0.62,25,0.0001,36,25,271,86,113,0.43,1.44,167.8032,1.23,71,374.6448
470,AUDUSD,25,0.0001,76,54,328,64,84,0.43,1.407407407,198.5007407,1.9,25,0.0001,76,54,250,31,39,0.44,1.407407407,154.8148148,3.2,78,353.3155555
459,AUDUSD,25,0.0001,73,53,300,68,88,0.44,1.377358491,181.8113208,2.44,25,0.0001,73,53,256,34,42,0.45,1.377358491,158.6716981,3.7,44,340.4830189
557,AUDUSD,25,0.0001,76,57,285,63,79,0.44,1.333333333,167.2,1.52,25,0.0001,76,57,190,31,38,0.45,1.333333333,114,2.85,95,281.2
561,AUDUSD,25,0.0002,65,20,1075,99,268,0.27,3.25,943.3125,2.95,25,0.0002,65,20,1070,54,122,0.31,3.25,1078.025,6.35,5,2021.3375
566,AUDUSD,25,0.0002,67,20,1011,93,261,0.26,3.35,880.581,2.62,25,0.0002,67,20,997,51,121,0.3,3.35,1001.985,6.1,14,1882.566
582,AUDUSD,25,0.0002,61,20,1168,108,271,0.28,3.05,997.472,2.68,25,0.0002,61,20,896,56,126,0.31,3.05,847.168,5.11,272,1844.64
621,AUDUSD,25,0.0002,67,25,1358,99,211,0.32,2.68,1164.6208,4.44,25,0.0002,67,25,758,49,101,0.33,2.68,670.3752,5.36,600,1834.996
568,AUDUSD,25,0.0002,80,20,900,68,227,0.23,4,828,3,25,0.0002,80,20,880,35,96,0.27,4,950.4,7,20,1778.4
597,AUDUSD,25,0.0002,60,20,1060,109,274,0.28,3,890.4,2.4,25,0.0002,60,20,860,57,128,0.31,3,799.8,4.8,200,1690.2
632,AUDUSD,25,0.0002,66,25,1250,100,214,0.32,2.64,1056,4.12,25,0.0002,66,25,725,50,103,0.33,2.64,631.62,5.03,525,1687.62
577,AUDUSD,25,0.0002,60,18,918,108,309,0.26,3.333333333,795.6,2.28,25,0.0002,60,18,918,57,139,0.29,3.333333333,887.4,4.62,0,1683
605,AUDUSD,25,0.0002,65,17,973,95,306,0.24,3.823529412,892.8705882,2.68,25,0.0002,65,17,771,49,142,0.26,3.823529412,766.4647059,4.32,202,1659.335294
583,AUDUSD,25,0.0002,59,18,915,111,313,0.26,3.277777778,779.7833333,2.02,25,0.0002,59,18,889,59,144,0.29,3.277777778,845.0438889,4.33,26,1624.827222
651,AUDUSD,25,0.0002,65,25,1230,102,216,0.32,2.6,1023.36,3.8,25,0.0002,65,25,675,50,103,0.33,2.6,579.15,4.7,555,1602.51
594,AUDUSD,25,0.0002,62,20,926,103,273,0.27,3.1,775.062,2.14,25,0.0002,62,20,870,55,127,0.3,3.1,809.1,4.6,56,1584.162
611,AUDUSD,25,0.0002,66,17,938,92,302,0.23,3.882352941,837.5788235,2.09,25,0.0002,66,17,754,48,142,0.25,3.882352941,731.8235294,3.75,184,1569.402353
620,AUDUSD,25,0.0002,59,20,949,111,280,0.28,2.95,783.874,2.12,25,0.0002,59,20,762,58,133,0.3,2.95,674.37,3.7,187,1458.244
631,AUDUSD,25,0.0002,67,17,897,89,298,0.23,3.941176471,813.1041176,2.32,25,0.0002,67,17,668,46,142,0.24,3.941176471,631.8494118,3.16,229,1444.953529
711,AUDUSD,25,0.0002,62,27,1207,107,201,0.35,2.296296296,970.0703704,4.15,25,0.0002,62,27,586,53,100,0.35,2.296296296,470.9703704,4.15,621,1441.040741
766,AUDUSD,25,0.0002,59,24,1160,112,227,0.33,2.458333333,941.05,3.39,25,0.0002,59,24,511,53,109,0.33,2.458333333,414.54875,3.39,649,1355.59875
765,AUDUSD,25,0.0002,61,27,1188,108,200,0.35,2.259259259,939.4,3.8,25,0.0002,61,27,526,52,98,0.35,2.259259259,415.9296296,3.8,662,1355.32963
763,AUDUSD,25,0.0002,59,22,1071,111,249,0.31,2.681818182,890.3904545,3.11,25,0.0002,59,22,502,54,122,0.31,2.681818182,417.3445455,3.11,569,1307.735
688,AUDUSD,25,0.0002,55,24,1025,119,230,0.34,2.291666667,798.6458333,2.86,25,0.0002,55,24,629,59,109,0.35,2.291666667,504.5104167,3.65,396,1303.15625
753,AUDUSD,25,0.0002,58,24,1096,112,225,0.33,2.416666667,874.06,3.06,25,0.0002,58,24,530,53,106,0.33,2.416666667,422.675,3.06,566,1296.735
691,AUDUSD,25,0.0002,65,27,992,100,204,0.33,2.407407407,788.0888889,3.36,25,0.0002,65,27,615,51,100,0.34,2.407407407,503.3888889,4.28,377,1291.477778
638,AUDUSD,25,0.0002,64,17,776,95,312,0.23,3.764705882,671.9247059,1.63,25,0.0002,64,17,654,49,146,0.25,3.764705882,615.5294118,3.25,122,1287.454118
698,AUDUSD,25,0.0002,55,17,918,119,331,0.26,3.235294118,772.2,1.72,25,0.0002,55,17,559,59,158,0.27,3.235294118,488.3029412,2.44,359,1260.502941
726,AUDUSD,25,0.0002,54,24,1026,123,234,0.34,2.25,784.89,2.52,25,0.0002,54,24,576,60,111,0.35,2.25,453.6,3.3,450,1238.49
744,AUDUSD,25,0.0002,49,31,1148,143,189,0.43,1.580645161,780.2696774,3.4,25,0.0002,49,31,622,69,89,0.44,1.580645161,432.5909677,4.2,526,1212.860645
644,AUDUSD,25,0.0002,68,20,724,88,263,0.25,3.4,615.4,2,25,0.0002,68,20,648,46,124,0.27,3.4,594.864,3.76,76,1210.264
769,AUDUSD,25,0.0002,56,24,968,115,228,0.34,2.333333333,767.9466667,3.2,25,0.0002,56,24,520,56,109,0.34,2.333333333,412.5333333,3.2,448,1180.48
675,AUDUSD,25,0.0002,49,35,1008,142,170,0.46,1.4,649.152,3.64,25,0.0002,49,35,784,71,77,0.48,1.4,526.848,5.32,224,1176
693,AUDUSD,25,0.0002,56,17,774,114,330,0.26,3.294117647,662.9082353,1.98,25,0.0002,56,17,562,58,158,0.27,3.294117647,499.8494118,2.71,212,1162.757647
804,AUDUSD,25,0.0002,57,24,993,113,227,0.33,2.375,778.26375,2.73,25,0.0002,57,24,486,54,108,0.33,2.375,380.9025,2.73,507,1159.16625
855,AUDUSD,25,0.0002,58,23,976,112,240,0.32,2.52173913,787.5895652,2.92,25,0.0002,58,23,429,53,115,0.32,2.52173913,346.1843478,2.92,547,1133.773913
770,AUDUSD,25,0.0002,55,34,1058,120,163,0.42,1.617647059,718.8176471,3.38,25,0.0002,55,34,593,59,78,0.43,1.617647059,412.4838235,4.27,465,1131.301471
653,AUDUSD,25,0.0002,80,17,605,66,275,0.19,4.705882353,540.9411765,1.43,25,0.0002,80,17,583,33,121,0.21,4.705882353,576.1411765,3.37,22,1117.082353
659,AUDUSD,25,0.0002,46,35,891,151,173,0.47,1.314285714,550.3834286,3.07,25,0.0002,46,35,858,78,78,0.5,1.314285714,563.8285714,5.5,33,1114.212
665,AUDUSD,25,0.0002,44,36,928,161,171,0.48,1.222222222,544.4266667,2.4,25,0.0002,44,36,872,82,76,0.52,1.222222222,554.2044444,5.6,56,1098.631111
705,AUDUSD,25,0.0002,64,15,687,93,351,0.21,4.266666667,615.552,1.59,25,0.0002,64,15,514,46,162,0.22,4.266666667,482.4746667,2.38,173,1098.026667
686,AUDUSD,25,0.0002,48,35,927,144,171,0.46,1.371428571,584.8045714,3.18,25,0.0002,48,35,774,73,78,0.48,1.371428571,509.5131429,4.84,153,1094.317714
677,AUDUSD,25,0.0002,47,35,924,147,171,0.46,1.342857143,570.768,2.72,25,0.0002,47,35,795,75,78,0.49,1.342857143,523.11,5.18,129,1093.878
773,AUDUSD,25,0.0002,48,31,1022,144,190,0.43,1.548387097,680.4541935,2.97,25,0.0002,48,31,601,70,89,0.44,1.548387097,409.4554839,3.76,421,1089.909677
681,AUDUSD,25,0.0002,43,36,975,165,170,0.49,1.194444444,570.6458333,2.71,25,0.0002,43,36,826,82,75,0.52,1.194444444,513.0377778,5.08,149,1083.683611
742,AUDUSD,25,0.0002,61,17,755,101,318,0.24,3.588235294,650.1882353,1.72,25,0.0002,61,17,483,50,151,0.25,3.588235294,433.2794118,2.5,272,1083.467647
791,AUDUSD,25,0.0002,55,23,855,118,245,0.33,2.391304348,674.7065217,2.74,25,0.0002,55,23,499,58,117,0.33,2.391304348,393.776087,2.74,356,1068.482609
725,AUDUSD,25,0.0002,57,17,728,110,326,0.25,3.352941176,610.2352941,1.5,25,0.0002,57,17,523,56,157,0.26,3.352941176,455.9329412,2.24,205,1066.168235
673,AUDUSD,25,0.0002,63,17,630,95,315,0.23,3.705882353,536.9823529,1.4,25,0.0002,63,17,571,49,148,0.25,3.705882353,529.0147059,3,59,1065.997059
801,AUDUSD,25,0.0002,63,27,882,101,203,0.33,2.333333333,679.14,2.7,25,0.0002,63,27,486,51,101,0.34,2.333333333,385.56,3.6,396,1064.7
796,AUDUSD,25,0.0002,59,17,772,105,319,0.25,3.470588235,669.8235294,2,25,0.0002,59,17,450,52,154,0.25,3.470588235,390.4411765,2,322,1060.264706
683,AUDUSD,25,0.0002,44,37,942,161,166,0.49,1.189189189,548.9059459,2.69,25,0.0002,44,37,826,81,74,0.52,1.189189189,510.7805405,5.12,116,1059.686486
824,AUDUSD,25,0.0002,49,29,995,144,209,0.41,1.689655172,689.2948276,2.98,25,0.0002,49,29,530,70,100,0.41,1.689655172,367.162069,2.98,465,1056.456897
716,AUDUSD,25,0.0002,54,35,883,122,163,0.43,1.542857143,585.8074286,3.27,25,0.0002,54,35,669,61,75,0.45,1.542857143,464.4771429,5.05,214,1050.284571
758,AUDUSD,25,0.0002,49,30,936,144,204,0.41,1.633333333,626.808,2.39,25,0.0002,49,30,599,71,96,0.43,1.633333333,420.6976667,3.97,337,1047.505667
940,AUDUSD,25,0.0002,59,25,974,111,223,0.33,2.36,758.5512,2.72,25,0.0002,59,25,368,52,108,0.33,2.36,286.5984,2.72,606,1045.1496
1034,AUDUSD,25,0.0002,62,25,1023,104,217,0.32,2.48,811.8528,2.84,25,0.0002,62,25,301,48,107,0.31,2.48,231.4088,1.97,722,1043.2616
862,AUDUSD,25,0.0002,57,35,1025,115,158,0.42,1.628571429,701.1,3.64,25,0.0002,57,35,497,56,77,0.42,1.628571429,339.948,3.64,528,1041.048
733,AUDUSD,25,0.0002,55,37,902,120,154,0.44,1.486486486,589.9567568,3.48,25,0.0002,55,37,655,59,70,0.46,1.486486486,447.8783784,5.32,247,1037.835135
678,AUDUSD,25,0.0002,45,36,819,155,171,0.48,1.25,491.4,2.88,25,0.0002,45,36,819,79,76,0.51,1.25,522.1125,5.31,0,1013.5125
1118,AUDUSD,25,0.0002,61,25,1016,106,218,0.33,2.44,818.0832,3.38,25,0.0002,61,25,253,48,107,0.31,2.44,191.3692,1.66,763,1009.4524
934,AUDUSD,25,0.0002,76,27,879,78,187,0.29,2.814814815,717.5244444,2.87,25,0.0002,76,27,355,37,91,0.29,2.814814815,289.7851852,2.87,524,1007.30963
965,AUDUSD,25,0.0002,60,27,939,107,203,0.35,2.222222222,730.3333333,3.45,25,0.0002,60,27,360,51,100,0.34,2.222222222,272,2.58,579,1002.333333
700,AUDUSD,25,0.0002,45,35,850,155,175,0.47,1.285714286,513.6428571,2.6,25,0.0002,45,35,755,79,80,0.5,1.285714286,485.3571429,5,95,999
812,AUDUSD,25,0.0002,58,17,732,107,322,0.25,3.411764706,624.3529412,1.75,25,0.0002,58,17,439,53,155,0.25,3.411764706,374.4411765,1.75,293,998.7941177
795,AUDUSD,25,0.0002,49,32,923,139,184,0.43,1.53125,607.7378125,2.83,25,0.0002,49,32,580,68,86,0.44,1.53125,390.775,3.64,343,998.5128125
856,AUDUSD,25,0.0002,50,31,960,137,190,0.42,1.612903226,650.3225806,3.02,25,0.0002,50,31,510,66,90,0.42,1.612903226,345.483871,3.02,450,995.8064516
808,AUDUSD,25,0.0002,66,26,786,97,216,0.31,2.538461538,618.5215385,2.52,25,0.0002,66,26,464,48,104,0.32,2.538461538,376.9107692,3.44,322,995.4323077
721,AUDUSD,25,0.0002,44,35,880,160,176,0.48,1.257142857,531.0171429,2.92,25,0.0002,44,35,729,81,81,0.5,1.257142857,458.2285714,4.5,151,989.2457143
920,AUDUSD,25,0.0002,59,27,901,110,207,0.35,2.185185185,689.0981481,3.1,25,0.0002,59,27,400,53,101,0.34,2.185185185,297.1851852,2.24,501,986.2833333
832,AUDUSD,25,0.0002,53,24,831,123,237,0.34,2.208333333,623.9425,2.18,25,0.0002,53,24,468,60,113,0.35,2.208333333,361.725,2.95,363,985.6675
764,AUDUSD,25,0.0002,48,30,840,145,204,0.42,1.6,564.48,2.76,25,0.0002,48,30,606,72,95,0.43,1.6,416.928,3.54,234,981.408
838,AUDUSD,25,0.0002,66,27,801,96,205,0.32,2.444444444,626.56,2.76,25,0.0002,66,27,453,49,103,0.32,2.444444444,354.3466667,2.76,348,980.9066667
853,AUDUSD,25,0.0002,54,23,815,122,251,0.33,2.347826087,631.4478261,2.41,25,0.0002,54,23,449,59,119,0.33,2.347826087,347.8773913,2.41,366,979.3252174
751,AUDUSD,25,0.0002,43,35,935,165,176,0.48,1.228571429,551.3828571,2.44,25,0.0002,43,35,691,82,81,0.5,1.228571429,424.4714286,4,244,975.8542857
731,AUDUSD,25,0.0002,63,15,597,94,355,0.21,4.2,526.554,1.38,25,0.0002,63,15,486,47,165,0.22,4.2,449.064,2.16,111,975.618
811,AUDUSD,25,0.0002,43,33,970,163,183,0.47,1.303030303,594.0515152,2.72,25,0.0002,43,33,602,80,86,0.48,1.303030303,376.5236364,3.48,368,970.5751516
962,AUDUSD,25,0.0002,62,29,926,101,184,0.35,2.137931034,692.9034483,2.85,25,0.0002,62,29,366,48,90,0.35,2.137931034,273.8689655,2.85,560,966.7724138
850,AUDUSD,25,0.0002,52,24,812,125,237,0.35,2.166666667,615.7666667,2.6,25,0.0002,52,24,460,61,113,0.35,2.166666667,348.8333333,2.6,352,964.6
729,AUDUSD,25,0.0002,53,35,779,123,164,0.43,1.514285714,507.2402857,2.84,25,0.0002,53,35,661,62,75,0.45,1.514285714,450.4242857,4.6,118,957.6645714
830,AUDUSD,25,0.0002,76,35,777,77,145,0.35,2.171428571,590.52,3.85,25,0.0002,76,35,467,37,67,0.36,2.171428571,365.0605714,4.96,310,955.5805714
759,AUDUSD,25,0.0002,43,37,904,163,165,0.5,1.162162162,525.2972973,3,25,0.0002,43,37,696,79,73,0.52,1.162162162,420.6097297,4.6,208,945.907027
841,AUDUSD,25,0.0002,48,29,870,145,210,0.41,1.655172414,590.4,2.57,25,0.0002,48,29,508,71,100,0.42,1.655172414,353.1475862,3.34,362,943.5475862
845,AUDUSD,25,0.0002,60,17,697,102,319,0.24,3.529411765,590.4,1.48,25,0.0002,60,17,399,50,153,0.25,3.529411765,352.0588235,2.25,298,942.4588235
818,AUDUSD,25,0.0002,54,17,686,121,344,0.26,3.176470588,566.5552941,1.46,25,0.0002,54,17,432,59,162,0.27,3.176470588,370.5035294,2.17,254,937.0588235
1017,AUDUSD,25,0.0002,78,27,828,75,186,0.29,2.888888889,693.68,3.45,25,0.0002,78,27,300,35,90,0.28,2.888888889,242.6666667,2.4,528,936.3466667
849,AUDUSD,25,0.0002,64,27,774,99,206,0.32,2.37037037,587.0933333,2.12,25,0.0002,64,27,446,50,102,0.33,2.37037037,348.8711111,3.03,328,935.9644444
793,AUDUSD,25,0.0002,74,35,732,78,144,0.35,2.114285714,541.68,3.15,25,0.0002,74,35,502,38,66,0.37,2.114285714,392.7074286,5.33,230,934.3874286
875,AUDUSD,25,0.0002,79,25,709,71,196,0.27,3.16,604.9188,3.08,25,0.0002,79,25,386,34,92,0.27,3.16,329.3352,3.08,323,934.254
885,AUDUSD,25,0.0002,46,31,917,150,193,0.44,1.483870968,598.7122581,2.88,25,0.0002,46,31,491,72,91,0.44,1.483870968,320.5754839,2.88,426,919.287742
807,AUDUSD,25,0.0002,48,32,832,140,184,0.43,1.5,536.64,2.4,25,0.0002,48,32,560,69,86,0.45,1.5,378,4,272,914.64
869,AUDUSD,25,0.0002,55,35,875,119,162,0.42,1.571428571,577.5,2.8,25,0.0002,55,35,495,58,77,0.43,1.571428571,334.4785714,3.7,380,911.9785714
834,AUDUSD,25,0.0002,75,35,735,77,144,0.35,2.142857143,551.25,3.5,25,0.0002,75,35,465,37,66,0.36,2.142857143,358.7142857,4.6,270,909.9642857
1068,AUDUSD,25,0.0002,61,29,918,103,185,0.36,2.103448276,695.1475862,3.4,25,0.0002,61,29,289,48,91,0.35,2.103448276,212.7637931,2.5,629,907.9113793
887,AUDUSD,25,0.0002,71,25,714,84,210,0.29,2.84,588.0504,2.84,25,0.0002,71,25,386,41,101,0.29,2.84,317.9096,2.84,328,905.96
790,AUDUSD,25,0.0002,52,29,723,126,201,0.39,1.793103448,505.6013793,2.59,25,0.0002,52,29,550,63,94,0.4,1.793103448,394.4827586,3.4,173,900.0841379
843,AUDUSD,25,0.0002,49,34,861,139,175,0.44,1.441176471,545.9752941,2.52,25,0.0002,49,34,544,68,82,0.45,1.441176471,352.8,3.35,317,898.7752941
939,AUDUSD,25,0.0002,79,29,745,70,165,0.3,2.724137931,608.8448276,3.4,25,0.0002,79,29,353,32,75,0.3,2.724137931,288.4862069,3.4,392,897.3310345
902,AUDUSD,25,0.0002,50,29,839,138,209,0.4,1.724137931,578.6206897,2.6,25,0.0002,50,29,450,67,100,0.4,1.724137931,310.3448276,2.6,389,888.9655173
1021,AUDUSD,25,0.0002,57,31,897,112,177,0.39,1.838709677,643.2358065,3.32,25,0.0002,57,31,345,55,90,0.38,1.838709677,241.0548387,2.44,552,884.2906452
901,AUDUSD,25,0.0002,56,35,847,117,163,0.42,1.6,569.184,3.22,25,0.0002,56,35,462,57,78,0.42,1.6,310.464,3.22,385,879.648
906,AUDUSD,25,0.0002,47,31,879,146,193,0.43,1.516129032,573.0512903,2.54,25,0.0002,47,31,469,70,91,0.43,1.516129032,305.7577419,2.54,410,878.8090322
823,AUDUSD,25,0.0002,43,34,855,163,181,0.47,1.264705882,508.2220588,2.19,25,0.0002,43,34,593,81,85,0.49,1.264705882,367.4855882,3.73,262,875.707647
837,AUDUSD,25,0.0002,50,30,780,138,204,0.4,1.666666667,520,2,25,0.0002,50,30,520,68,96,0.41,1.666666667,355.3333333,2.8,260,875.3333333
1053,AUDUSD,25,0.0002,63,25,825,100,219,0.31,2.52,644.49,2.28,25,0.0002,63,25,286,47,107,0.31,2.52,223.4232,2.28,539,867.9132
747,AUDUSD,25,0.0002,45,37,751,154,167,0.48,1.216216216,438.4216216,2.36,25,0.0002,45,37,690,77,75,0.51,1.216216216,427.9864865,4.82,61,866.4081081
835,AUDUSD,25,0.0002,73,35,692,79,145,0.35,2.085714286,505.16,2.8,25,0.0002,73,35,464,38,66,0.37,2.085714286,358.0754286,4.96,228,863.2354286
947,AUDUSD,25,0.0002,44,31,902,160,198,0.45,1.419354839,576.116129,2.75,25,0.0002,44,31,443,77,95,0.45,1.419354839,282.9483871,2.75,459,859.0645161
814,AUDUSD,25,0.0002,51,29,707,131,206,0.39,1.75862069,484.9044828,2.2,25,0.0002,51,29,531,65,96,0.4,1.75862069,373.5310345,3,176,858.4355173
983,AUDUSD,25,0.0002,56,31,829,115,181,0.39,1.806451613,584.043871,2.93,25,0.0002,56,31,371,57,91,0.39,1.806451613,261.3754839,2.93,458,845.4193549
936,AUDUSD,25,0.0002,65,29,723,95,188,0.34,2.24137931,550.9758621,2.96,25,0.0002,65,29,380,46,90,0.34,2.24137931,289.5862069,2.96,343,840.562069
1032,AUDUSD,25,0.0002,56,29,845,114,191,0.37,1.931034483,603.737931,2.45,25,0.0002,56,29,327,54,93,0.37,1.931034483,233.6358621,2.45,518,837.3737931
848,AUDUSD,25,0.0002,48,34,784,141,176,0.44,1.411764706,487.0023529,2.08,25,0.0002,48,34,538,70,83,0.46,1.411764706,349.3835294,3.72,246,836.3858823
1010,AUDUSD,25,0.0002,80,29,735,69,165,0.29,2.75862069,588,2.61,25,0.0002,80,29,305,31,75,0.29,2.75862069,244,2.61,430,832
994,AUDUSD,25,0.0002,58,27,764,110,208,0.35,2.148148148,574.4148148,2.75,25,0.0002,58,27,347,53,101,0.34,2.148148148,253.4385185,1.9,417,827.8533333
788,AUDUSD,25,0.0002,62,17,512,96,320,0.23,3.647058824,429.4776471,1.17,25,0.0002,62,17,454,49,152,0.24,3.647058824,397.3835294,1.96,58,826.8611765
767,AUDUSD,25,0.0002,47,36,684,144,169,0.46,1.305555556,410.78,2.18,25,0.0002,47,36,648,72,76,0.49,1.305555556,414.54,4.67,36,825.32
898,AUDUSD,25,0.0002,46,32,810,147,186,0.44,1.4375,512.325,2.32,25,0.0002,46,32,482,71,87,0.45,1.4375,311.79375,3.1,328,824.11875
1088,AUDUSD,25,0.0002,68,65,1076,77,64,0.55,1.046153846,619.1138462,8.15,25,0.0002,68,65,368,36,32,0.53,1.046153846,204.0418462,5.49,708,823.1556924
783,AUDUSD,25,0.0002,54,37,671,120,157,0.43,1.459459459,421.0978378,2.13,25,0.0002,54,37,596,59,70,0.46,1.459459459,400.1254054,4.86,75,821.2232432
809,AUDUSD,25,0.0002,54,36,684,120,161,0.43,1.5,441.18,2.7,25,0.0002,54,36,558,59,73,0.45,1.5,376.65,4.5,126,817.83
911,AUDUSD,25,0.0002,53,23,677,123,254,0.33,2.304347826,514.8143478,2.08,25,0.0002,53,23,397,60,121,0.33,2.304347826,301.8926087,2.08,280,816.7069565
1071,AUDUSD,25,0.0002,77,27,726,75,187,0.29,2.851851852,600.4288889,3.16,25,0.0002,77,27,265,35,90,0.28,2.851851852,211.6074074,2.12,461,812.0362963
805,AUDUSD,25,0.0002,42,36,756,168,175,0.49,1.166666667,432.18,2.22,25,0.0002,42,36,636,82,78,0.51,1.166666667,378.42,3.78,120,810.6
996,AUDUSD,25,0.0002,59,26,744,110,221,0.33,2.269230769,557.1415385,2.05,25,0.0002,59,26,338,52,105,0.33,2.269230769,253.11,2.05,406,810.2515385
880,AUDUSD,25,0.0002,44,33,792,156,184,0.46,1.333333333,485.76,2.42,25,0.0002,44,33,517,77,87,0.47,1.333333333,323.9866667,3.19,275,809.7466667
972,AUDUSD,25,0.0002,55,25,710,117,229,0.34,2.2,531.08,2.2,25,0.0002,55,25,360,57,111,0.34,2.2,269.28,2.2,350,800.36
860,AUDUSD,25,0.0002,53,29,661,123,202,0.38,1.827586207,459.0531034,2.16,25,0.0002,53,29,478,61,95,0.39,1.827586207,340.6986207,2.98,183,799.7517241
1083,AUDUSD,25,0.0002,54,31,845,123,187,0.4,1.741935484,588.7741935,3,25,0.0002,54,31,303,59,93,0.39,1.741935484,205.8445161,2.15,542,794.6187096
896,AUDUSD,25,0.0002,50,32,730,133,185,0.42,1.5625,479.0625,2.44,25,0.0002,50,32,466,65,87,0.43,1.5625,313.09375,3.26,264,792.15625
1117,AUDUSD,25,0.0002,58,25,780,110,224,0.33,2.32,597.168,2.39,25,0.0002,58,25,258,51,108,0.32,2.32,191.5392,1.56,522,788.7072
1046,AUDUSD,25,0.0002,78,25,669,73,201,0.27,3.12,563.5656,2.81,25,0.0002,78,25,277,34,95,0.26,3.12,224.7024,1.78,392,788.268
852,AUDUSD,25,0.0002,42,37,766,168,170,0.5,1.135135135,434.7567568,2.5,25,0.0002,42,37,590,81,76,0.52,1.135135135,348.2594595,4.08,176,783.0162163
1033,AUDUSD,25,0.0002,61,32,779,103,172,0.37,1.90625,549.4384375,2.41,25,0.0002,61,32,330,50,85,0.37,1.90625,232.753125,2.41,449,782.1915625
1020,AUDUSD,25,0.0002,80,25,650,70,198,0.26,3.2,540.8,2.3,25,0.0002,80,25,290,33,94,0.26,3.2,241.28,2.3,360,782.08
903,AUDUSD,25,0.0002,47,29,703,147,214,0.41,1.620689655,467.1313793,2.16,25,0.0002,47,29,455,72,101,0.42,1.620689655,309.7137931,2.92,248,776.8451724
1039,AUDUSD,25,0.0002,56,34,808,114,164,0.41,1.647058824,545.6376471,2.9,25,0.0002,56,34,338,54,79,0.41,1.647058824,228.2494118,2.9,470,773.8870589
905,AUDUSD,25,0.0002,47,34,750,144,177,0.45,1.382352941,466.5441176,2.45,25,0.0002,47,34,481,71,84,0.46,1.382352941,305.8594118,3.26,269,772.4035294
1007,AUDUSD,25,0.0002,45,31,823,154,197,0.44,1.451612903,525.6580645,2.44,25,0.0002,45,31,385,74,95,0.44,1.451612903,245.9032258,2.44,438,771.5612903
963,AUDUSD,25,0.0002,44,32,796,157,191,0.45,1.375,492.525,2.2,25,0.0002,44,32,432,76,91,0.46,1.375,273.24,2.96,364,765.765
847,AUDUSD,25,0.0002,49,36,678,138,169,0.45,1.361111111,415.275,2.25,25,0.0002,49,36,547,67,76,0.47,1.361111111,349.9280556,3.95,131,765.2030556
912,AUDUSD,25,0.0002,49,33,724,136,180,0.43,1.484848485,462.2630303,2.26,25,0.0002,49,33,462,66,84,0.44,1.484848485,301.84,3.08,262,764.1030303
1048,AUDUSD,25,0.0002,43,31,864,165,201,0.45,1.387096774,539.3032258,2.3,25,0.0002,43,31,359,79,98,0.45,1.387096774,224.0854839,2.3,505,763.3887097
995,AUDUSD,25,0.0002,43,32,822,162,192,0.46,1.34375,508.09875,2.5,25,0.0002,43,32,410,78,92,0.46,1.34375,253.43125,2.5,412,761.53
1130,AUDUSD,25,0.0002,64,25,722,98,222,0.31,2.56,572.9792,2.59,25,0.0002,64,25,244,46,108,0.3,2.56,187.392,1.7,478,760.3712
966,AUDUSD,25,0.0002,61,35,718,103,159,0.39,1.742857143,488.0348571,2.44,25,0.0002,61,35,390,50,76,0.4,1.742857143,271.8857143,3.4,328,759.9205714
970,AUDUSD,25,0.0002,66,29,649,92,187,0.33,2.275862069,487.4213793,2.35,25,0.0002,66,29,360,45,90,0.33,2.275862069,270.3724138,2.35,289,757.7937931
1137,AUDUSD,25,0.0002,68,66,1012,77,64,0.55,1.03030303,573.4666667,7.7,25,0.0002,68,66,336,36,32,0.53,1.03030303,183.4763636,5.02,676,756.9430303
1018,AUDUSD,25,0.0002,58,35,757,109,159,0.41,1.657142857,514.3274286,3.13,25,0.0002,58,35,356,52,76,0.41,1.657142857,241.8765714,3.13,401,756.204
1120,AUDUSD,25,0.0002,50,24,770,133,245,0.35,2.083333333,561.4583333,1.9,25,0.0002,50,24,270,63,120,0.34,2.083333333,191.25,1.16,500,752.7083333
919,AUDUSD,25,0.0002,52,23,606,124,254,0.33,2.260869565,452.1286957,1.75,25,0.0002,52,23,389,61,121,0.34,2.260869565,299.0226087,2.5,217,751.1513044
1063,AUDUSD,25,0.0002,55,31,769,116,181,0.39,1.774193548,532.0983871,2.54,25,0.0002,55,31,314,57,91,0.39,1.774193548,217.2677419,2.54,455,749.366129
881,AUDUSD,25,0.0002,50,22,566,131,272,0.33,2.272727273,424.5,1.76,25,0.0002,50,22,418,66,131,0.34,2.272727273,323,2.48,148,747.5
1044,AUDUSD,25,0.0002,54,25,709,121,233,0.34,2.16,520.6896,1.86,25,0.0002,54,25,307,58,113,0.34,2.16,225.4608,1.86,402,746.1504
978,AUDUSD,25,0.0002,53,25,669,123,234,0.34,2.12,482.2152,1.52,25,0.0002,53,25,355,60,113,0.35,2.12,263.41,2.3,314,745.6252
992,AUDUSD,25,0.0002,51,23,668,129,257,0.33,2.217391304,488.8017391,1.42,25,0.0002,51,23,338,63,125,0.34,2.217391304,254.8226087,2.16,330,743.6243478
910,AUDUSD,25,0.0002,54,26,606,121,228,0.35,2.076923077,440.5153846,2,25,0.0002,54,26,404,59,107,0.36,2.076923077,302.0676923,2.8,202,742.5830769
964,AUDUSD,25,0.0002,62,62,868,88,74,0.54,1,468.72,4.96,25,0.0002,62,62,496,44,36,0.55,1,272.8,6.2,372,741.52
1037,AUDUSD,25,0.0002,42,24,750,167,261,0.39,1.75,511.875,1.74,25,0.0002,42,24,336,80,126,0.39,1.75,229.32,1.74,414,741.195
1069,AUDUSD,25,0.0002,53,31,766,125,189,0.4,1.709677419,523.8451613,2.6,25,0.0002,53,31,319,61,94,0.39,1.709677419,212.7009677,1.76,447,736.546129
1155,AUDUSD,25,0.0002,76,34,736,75,146,0.34,2.235294118,559.36,3.4,25,0.0002,76,34,238,34,69,0.33,2.235294118,175.56,2.3,498,734.92
827,AUDUSD,25,0.0002,53,36,581,121,162,0.43,1.472222222,367.8052778,2.27,25,0.0002,53,36,552,60,73,0.45,1.472222222,365.7,4.05,29,733.5052778
968,AUDUSD,25,0.0002,44,29,718,160,218,0.42,1.517241379,457.5393103,1.66,25,0.0002,44,29,416,78,104,0.43,1.517241379,271.4041379,2.39,302,728.9434482
861,AUDUSD,25,0.0002,69,17,454,80,298,0.21,4.058823529,386.9682353,1.06,25,0.0002,69,17,381,41,144,0.22,4.058823529,340.2105882,1.92,73,727.1788235
1000,AUDUSD,25,0.0002,52,25,650,125,234,0.35,2.08,473.2,1.95,25,0.0002,52,25,347,61,113,0.35,2.08,252.616,1.95,303,725.816
904,AUDUSD,25,0.0002,51,35,667,127,166,0.43,1.457142857,417.9231429,1.98,25,0.0002,51,35,467,62,77,0.45,1.457142857,306.2185714,3.7,200,724.1417143
925,AUDUSD,25,0.0002,46,33,697,145,181,0.44,1.393939394,427.4933333,1.76,25,0.0002,46,33,461,71,85,0.46,1.393939394,295.5987879,3.34,236,723.0921212
1182,AUDUSD,25,0.0002,57,34,819,111,162,0.41,1.676470588,562.9420588,3.31,25,0.0002,57,34,244,52,80,0.39,1.676470588,159.5329412,1.49,575,722.475
958,AUDUSD,25,0.0002,63,63,819,87,74,0.54,1,442.26,5.04,25,0.0002,63,63,504,44,36,0.55,1,277.2,6.3,315,719.46
893,AUDUSD,25,0.0002,44,34,676,156,182,0.46,1.294117647,402.4188235,1.88,25,0.0002,44,34,508,78,86,0.48,1.294117647,315.5576471,3.44,168,717.9764706
1108,AUDUSD,25,0.0002,55,27,712,118,214,0.36,2.037037037,522.1333333,2.52,25,0.0002,55,27,273,57,106,0.35,2.037037037,194.6388889,1.7,439,716.7722222
1076,AUDUSD,25,0.0002,72,25,629,82,211,0.28,2.88,507.2256,2.16,25,0.0002,72,25,258,39,102,0.28,2.88,208.0512,2.16,371,715.2768
1163,AUDUSD,25,0.0002,56,27,743,115,211,0.35,2.074074074,539.362963,2.05,25,0.0002,56,27,245,55,105,0.34,2.074074074,172.7703704,1.22,498,712.1333334
960,AUDUSD,25,0.0002,47,32,690,142,187,0.43,1.46875,435.778125,1.97,25,0.0002,47,32,427,69,88,0.44,1.46875,275.94875,2.76,263,711.726875
924,AUDUSD,25,0.0002,42,35,721,168,181,0.48,1.2,415.296,1.96,25,0.0002,42,35,504,82,84,0.49,1.2,296.352,2.73,217,711.648
954,AUDUSD,25,0.0002,50,35,685,132,169,0.44,1.428571429,430.5714286,2.4,25,0.0002,50,35,435,64,79,0.45,1.428571429,279.6428571,3.25,250,710.2142857
888,AUDUSD,25,0.0002,44,38,682,158,165,0.49,1.157894737,386.9452632,2.18,25,0.0002,44,38,538,77,75,0.51,1.157894737,317.7031579,3.82,144,704.6484211
1116,AUDUSD,25,0.0002,55,29,728,115,193,0.37,1.896551724,510.8551724,2.08,25,0.0002,55,29,273,54,93,0.37,1.896551724,191.5706897,2.08,455,702.4258621
1159,AUDUSD,25,0.0002,57,27,714,112,210,0.35,2.111111111,527.5666667,2.4,25,0.0002,57,27,243,54,105,0.34,2.111111111,174.42,1.56,471,701.9866667
982,AUDUSD,25,0.0002,77,35,588,74,146,0.34,2.2,439.824,3.08,25,0.0002,77,35,350,35,67,0.34,2.2,261.8,3.08,238,701.624
929,AUDUSD,25,0.0002,48,33,651,138,181,0.43,1.454545455,407.1709091,1.83,25,0.0002,48,33,459,68,85,0.44,1.454545455,293.76,2.64,192,700.9309091
865,AUDUSD,25,0.0002,48,36,600,140,170,0.45,1.333333333,360,1.8,25,0.0002,48,36,540,69,77,0.47,1.333333333,338.4,3.48,60,698.4
1269,AUDUSD,25,0.0002,57,29,788,111,191,0.37,1.965517241,573.0662069,2.82,25,0.0002,57,29,180,52,96,0.35,1.965517241,123.8275862,1.1,608,696.8937931
1086,AUDUSD,25,0.0002,51,25,679,129,236,0.35,2.04,484.806,1.6,25,0.0002,51,25,287,62,115,0.35,2.04,204.918,1.6,392,689.724
1112,AUDUSD,25,0.0002,76,25,600,75,204,0.27,3.04,492.48,2.27,25,0.0002,76,25,235,35,97,0.27,3.04,192.888,2.27,365,685.368
1002,AUDUSD,25,0.0002,66,32,600,92,171,0.35,2.0625,433.125,2.3,25,0.0002,66,32,348,46,84,0.35,2.0625,251.2125,2.3,252,684.3375
952,AUDUSD,25,0.0002,62,35,600,100,160,0.38,1.771428571,403.8857143,1.86,25,0.0002,62,35,405,50,77,0.39,1.771428571,279.7971429,2.83,195,683.6828572
1040,AUDUSD,25,0.0002,62,32,634,99,172,0.37,1.9375,454.49875,2.78,25,0.0002,62,32,318,49,85,0.37,1.9375,227.96625,2.78,316,682.465
932,AUDUSD,25,0.0002,46,34,642,147,180,0.45,1.352941176,390.8647059,2,25,0.0002,46,34,468,73,85,0.46,1.352941176,291.2611765,2.8,174,682.1258824
976,AUDUSD,25,0.0002,46,29,636,150,216,0.41,1.586206897,413.6193103,1.75,25,0.0002,46,29,400,73,102,0.42,1.586206897,266.4827586,2.5,236,680.1020689
1026,AUDUSD,25,0.0002,45,32,715,151,190,0.44,1.40625,442.40625,1.88,25,0.0002,45,32,373,73,91,0.45,1.40625,236.0390625,2.65,342,678.4453125
923,AUDUSD,25,0.0002,50,36,624,132,166,0.44,1.388888889,381.3333333,1.84,25,0.0002,50,36,464,64,76,0.46,1.388888889,296.4444444,3.56,160,677.7777777
1109,AUDUSD,25,0.0002,77,25,571,73,202,0.27,3.08,474.8436,2.54,25,0.0002,77,25,243,34,95,0.26,3.08,194.5944,1.52,328,669.438
1024,AUDUSD,25,0.0002,54,34,660,118,168,0.41,1.588235294,429.7764706,2.08,25,0.0002,54,34,358,57,80,0.42,1.588235294,238.8070588,2.96,302,668.5835294
897,AUDUSD,25,0.0002,47,38,612,144,162,0.47,1.236842105,355.7652632,1.95,25,0.0002,47,38,516,70,73,0.49,1.236842105,312.7231579,3.65,96,668.4884211
998,AUDUSD,25,0.0002,45,29,637,154,217,0.42,1.551724138,415.1482759,2.08,25,0.0002,45,29,388,75,103,0.42,1.551724138,252.8689655,2.08,249,668.0172414
997,AUDUSD,25,0.0002,42,33,693,165,189,0.47,1.272727273,414.54,2.25,25,0.0002,42,33,423,80,89,0.47,1.272727273,253.0309091,2.25,270,667.5709091
1135,AUDUSD,25,0.0002,56,25,653,113,227,0.33,2.24,482.6976,1.73,25,0.0002,56,25,249,54,111,0.33,2.24,184.0608,1.73,404,666.7584
1189,AUDUSD,25,0.0002,57,25,677,111,226,0.33,2.28,509.3748,2.06,25,0.0002,57,25,214,52,110,0.32,2.28,156.1344,1.24,463,665.5092
1038,AUDUSD,25,0.0002,64,29,599,95,189,0.33,2.206896552,436.2372414,1.69,25,0.0002,64,29,305,46,91,0.34,2.206896552,228.8551724,2.62,294,665.0924138
1153,AUDUSD,25,0.0002,41,24,726,174,267,0.39,1.708333333,483.6975,1.35,25,0.0002,41,24,266,82,129,0.39,1.708333333,177.2225,1.35,460,660.92
899,AUDUSD,25,0.0002,45,38,615,153,165,0.48,1.184210526,349.5789474,1.84,25,0.0002,45,38,525,75,75,0.5,1.184210526,310.8552632,3.5,90,660.4342106
1072,AUDUSD,25,0.0002,58,26,608,110,222,0.33,2.230769231,447.5815385,1.72,25,0.0002,58,26,286,52,105,0.33,2.230769231,210.54,1.72,322,658.1215385
1119,AUDUSD,25,0.0002,63,29,625,96,187,0.34,2.172413793,461.637931,2.28,25,0.0002,63,29,259,46,91,0.34,2.172413793,191.3027586,2.28,366,652.9406896
1103,AUDUSD,25,0.0002,40,24,680,179,270,0.4,1.666666667,453.3333333,1.6,25,0.0002,40,24,296,86,131,0.4,1.666666667,197.3333333,1.6,384,650.6666666
986,AUDUSD,25,0.0002,52,28,568,124,210,0.37,1.857142857,390.2971429,1.6,25,0.0002,52,28,368,62,102,0.38,1.857142857,259.7028571,2.4,200,650
894,AUDUSD,25,0.0002,62,15,381,93,359,0.21,4.133333333,330.708,1.17,25,0.0002,62,15,347,46,167,0.22,4.133333333,315.5386667,1.94,34,646.2466667
1128,AUDUSD,25,0.0002,59,35,678,107,161,0.4,1.685714286,457.1657143,2.6,25,0.0002,59,35,279,51,78,0.4,1.685714286,188.1257143,2.6,399,645.2914286
1275,AUDUSD,25,0.0002,58,29,725,107,189,0.36,2,522,2.32,25,0.0002,58,29,174,49,92,0.35,2,121.8,1.45,551,643.8
1229,AUDUSD,25,0.0002,76,29,636,74,172,0.3,2.620689655,500.0275862,2.5,25,0.0002,76,29,188,33,80,0.29,2.620689655,142.88,1.45,448,642.9075862
1245,AUDUSD,25,0.0002,59,32,718,106,173,0.38,1.84375,503.04875,2.58,25,0.0002,59,32,198,50,86,0.37,1.84375,135.073125,1.67,520,638.121875
1085,AUDUSD,25,0.0002,59,15,500,100,360,0.22,3.933333333,432.6666667,1.28,25,0.0002,59,15,237,48,173,0.22,3.933333333,205.084,1.28,263,637.7506667
1290,AUDUSD,25,0.0002,62,26,682,102,217,0.32,2.384615385,520.4184615,2.16,25,0.0002,62,26,158,47,106,0.31,2.384615385,116.7984615,1.28,524,637.216923
1082,AUDUSD,25,0.0002,43,29,672,164,220,0.43,1.482758621,428.457931,1.96,25,0.0002,43,29,323,79,106,0.43,1.482758621,205.9403448,1.96,349,634.3982758
988,AUDUSD,25,0.0002,41,33,642,171,193,0.47,1.242424242,374.8890909,1.78,25,0.0002,41,33,433,83,90,0.48,1.242424242,258.2254545,2.52,209,633.1145454
890,AUDUSD,25,0.0002,50,37,519,131,163,0.45,1.351351351,315.6081081,2.15,25,0.0002,50,37,499,64,73,0.47,1.351351351,316.9324324,3.89,20,632.5405405
1050,AUDUSD,25,0.0002,53,27,578,124,222,0.36,1.962962963,408.4533333,1.8,25,0.0002,53,27,317,61,108,0.36,1.962962963,224.0133333,1.8,261,632.4666666
1224,AUDUSD,25,0.0002,49,25,686,139,245,0.36,1.96,484.0416,1.64,25,0.0002,49,25,209,66,121,0.35,1.96,143.374,0.9,477,627.4156
1278,AUDUSD,25,0.0002,79,27,616,70,182,0.28,2.925925926,504.6637037,2.68,25,0.0002,79,27,152,32,88,0.27,2.925925926,120.08,1.62,464,624.7437037
1004,AUDUSD,25,0.0002,49,38,633,137,160,0.46,1.289473684,375.4689474,2.02,25,0.0002,49,38,411,65,73,0.47,1.289473684,249.0876316,2.89,222,624.556579
980,AUDUSD,25,0.0002,51,28,536,128,214,0.37,1.821428571,361.2257143,1.23,25,0.0002,51,28,380,64,103,0.38,1.821428571,263.0142857,2.02,156,624.24
984,AUDUSD,25,0.0002,55,26,504,116,226,0.34,2.115384615,362.4923077,1.54,25,0.0002,55,26,353,57,107,0.35,2.115384615,261.3557692,2.35,151,623.8480769
1106,AUDUSD,25,0.0002,73,25,542,79,209,0.27,2.92,427.3128,1.46,25,0.0002,73,25,249,38,101,0.27,2.92,196.3116,1.46,293,623.6244
1030,AUDUSD,25,0.0002,45,33,633,149,184,0.45,1.363636364,388.4318182,2.1,25,0.0002,45,33,381,73,88,0.45,1.363636364,233.7954545,2.1,252,622.2272727
1014,AUDUSD,25,0.0002,42,34,648,166,186,0.47,1.235294118,376.2211765,1.72,25,0.0002,42,34,410,81,88,0.48,1.235294118,243.1058824,2.48,238,619.3270589
1291,AUDUSD,25,0.0002,61,31,705,101,176,0.36,1.967741935,499.4129032,2.12,25,0.0002,61,31,169,48,89,0.35,1.967741935,116.3919355,1.2,536,615.8048387
1009,AUDUSD,25,0.0002,53,34,580,120,170,0.41,1.558823529,370.6882353,1.67,25,0.0002,53,34,373,59,81,0.42,1.558823529,244.2052941,2.54,207,614.8935294
1087,AUDUSD,25,0.0002,66,63,738,78,70,0.53,1.047619048,409.7657143,5.37,25,0.0002,66,63,369,39,35,0.53,1.047619048,204.8828571,5.37,369,614.6485714
1064,AUDUSD,25,0.0002,65,31,558,93,177,0.34,2.096774194,397.8,1.64,25,0.0002,65,31,293,46,87,0.35,2.096774194,215.0241935,2.6,265,612.8241935
957,AUDUSD,25,0.0002,52,35,534,122,166,0.42,1.485714286,333.216,1.54,25,0.0002,52,35,425,60,77,0.44,1.485714286,277.8285714,3.28,109,611.0445714
1202,AUDUSD,25,0.0002,74,25,573,77,205,0.27,2.96,457.9416,1.73,25,0.0002,74,25,189,36,99,0.27,2.96,151.0488,1.73,384,608.9904
1105,AUDUSD,25,0.0002,41,31,676,173,207,0.46,1.322580645,411.2696774,2.12,25,0.0002,41,31,324,82,98,0.46,1.322580645,197.1174194,2.12,352,608.3870968
1066,AUDUSD,25,0.0002,52,27,558,126,222,0.36,1.925925926,386.88,1.44,25,0.0002,52,27,308,62,108,0.36,1.925925926,213.5466667,1.44,250,600.4266667
1005,AUDUSD,25,0.0002,80,35,480,69,144,0.32,2.285714286,351.0857143,1.8,25,0.0002,80,35,330,33,66,0.33,2.285714286,248.9142857,2.95,150,600
1093,AUDUSD,25,0.0002,54,29,568,119,202,0.37,1.862068966,391.3324138,1.71,25,0.0002,54,29,294,57,96,0.37,1.862068966,202.5558621,1.71,274,593.8882759
1031,AUDUSD,25,0.0002,43,38,648,160,164,0.49,1.131578947,359.2989474,1.69,25,0.0002,43,38,413,75,74,0.5,1.131578947,233.6710526,2.5,235,592.97
1287,AUDUSD,25,0.0002,78,29,608,71,170,0.29,2.689655172,474.24,2.03,25,0.0002,78,29,156,31,78,0.28,2.689655172,117.4841379,0.96,452,591.7241379
1304,AUDUSD,25,0.0002,49,24,664,136,250,0.35,2.041666667,474.4833333,1.55,25,0.0002,49,24,159,63,122,0.34,2.041666667,110.3725,0.82,505,584.8558333
1223,AUDUSD,25,0.0002,36,24,696,200,271,0.42,1.5,438.48,1.2,25,0.0002,36,24,228,95,133,0.42,1.5,143.64,1.2,468,582.12
1015,AUDUSD,25,0.0002,54,38,552,120,156,0.43,1.421052632,337.3010526,1.56,25,0.0002,54,38,380,57,71,0.45,1.421052632,243,3.4,172,580.3010526
973,AUDUSD,25,0.0002,53,38,500,122,157,0.44,1.394736842,306.8421053,2.04,25,0.0002,53,38,429,59,71,0.45,1.394736842,269.2539474,2.95,71,576.0960527
1251,AUDUSD,25,0.0002,77,29,556,72,172,0.3,2.655172414,442.8827586,2.8,25,0.0002,77,29,173,32,79,0.29,2.655172414,133.21,1.74,383,576.0927586
1115,AUDUSD,25,0.0002,57,26,529,111,223,0.33,2.192307692,382.7111538,1.39,25,0.0002,57,26,265,53,106,0.33,2.192307692,191.7173077,1.39,264,574.4284615
1264,AUDUSD,25,0.0002,60,32,644,103,173,0.37,1.875,446.775,2.04,25,0.0002,60,32,188,49,86,0.36,1.875,126.9,1.12,456,573.675
1008,AUDUSD,25,0.0002,48,38,564,140,162,0.46,1.263157895,327.7136842,1.56,25,0.0002,48,38,404,67,74,0.48,1.263157895,244.9515789,3.28,160,572.6652631
1273,AUDUSD,25,0.0002,50,25,625,133,241,0.36,2,450,2,25,0.0002,50,25,175,63,119,0.35,2,122.5,1.25,450,572.5
1126,AUDUSD,25,0.0002,38,24,582,189,275,0.41,1.583333333,377.815,1.42,25,0.0002,38,24,290,91,132,0.41,1.583333333,188.2583333,1.42,292,566.0733333
1042,AUDUSD,25,0.0002,45,34,562,150,182,0.45,1.323529412,334.7205882,1.55,25,0.0002,45,34,372,74,87,0.46,1.323529412,226.4823529,2.34,190,561.2029411
1104,AUDUSD,25,0.0002,50,34,568,129,173,0.43,1.470588235,359.1764706,2.12,25,0.0002,50,34,312,62,82,0.43,1.470588235,197.2941176,2.12,256,556.4705882
1084,AUDUSD,25,0.0002,47,30,545,145,209,0.41,1.566666667,350.0716667,1.57,25,0.0002,47,30,320,70,99,0.41,1.566666667,205.5466667,1.57,225,555.6183334
1198,AUDUSD,25,0.0002,62,31,558,98,178,0.36,2,401.76,2.48,25,0.0002,62,31,217,48,89,0.35,2,151.9,1.55,341,553.66
1079,AUDUSD,25,0.0002,53,28,505,121,211,0.36,1.892857143,344.1214286,1.16,25,0.0002,53,28,296,60,103,0.37,1.892857143,207.3057143,1.97,209,551.4271429
1081,AUDUSD,25,0.0002,76,37,479,73,137,0.35,2.054054054,344.3621622,2.55,25,0.0002,76,37,288,33,60,0.35,2.054054054,207.0486486,2.55,191,551.4108108
1257,AUDUSD,25,0.0002,35,24,669,207,274,0.43,1.458333333,419.51875,1.37,25,0.0002,35,24,214,98,134,0.42,1.458333333,131.075,0.78,455,550.59375
1200,AUDUSD,25,0.0002,54,27,567,121,221,0.35,2,396.9,1.35,25,0.0002,54,27,216,58,108,0.35,2,151.2,1.35,351,548.1
1111,AUDUSD,25,0.0002,56,37,556,113,156,0.42,1.513513514,353.4356757,2.06,25,0.0002,56,37,304,53,72,0.42,1.513513514,193.2454054,2.06,252,546.6810811
1139,AUDUSD,25,0.0002,66,64,666,77,69,0.53,1.03125,364.010625,4.9,25,0.0002,66,64,334,39,35,0.53,1.03125,182.551875,4.9,332,546.5625
1099,AUDUSD,25,0.0002,45,30,540,154,213,0.42,1.5,340.2,1.5,25,0.0002,45,30,315,75,102,0.42,1.5,198.45,1.5,225,538.65
1089,AUDUSD,25,0.0002,47,33,541,140,183,0.43,1.424242424,331.3215152,1.4,25,0.0002,47,33,325,68,87,0.44,1.424242424,203.6666667,2.2,216,534.9881819
1156,AUDUSD,25,0.0002,60,16,436,99,344,0.22,3.75,359.7,0.72,25,0.0002,60,16,212,47,163,0.22,3.75,174.9,0.72,224,534.6
1279,AUDUSD,25,0.0002,80,32,528,69,156,0.31,2.5,409.2,2.72,25,0.0002,80,32,160,32,75,0.3,2.5,120,1.6,368,529.2
1094,AUDUSD,25,0.0002,40,36,588,174,177,0.5,1.111111111,326.6666667,2,25,0.0002,40,36,364,82,81,0.5,1.111111111,202.2222222,2,224,528.8888889
1181,AUDUSD,25,0.0002,42,29,589,168,223,0.43,1.448275862,366.8048276,1.53,25,0.0002,42,29,257,80,107,0.43,1.448275862,160.0489655,1.53,332,526.8537931
1238,AUDUSD,25,0.0002,49,28,581,137,219,0.38,1.75,386.365,1.26,25,0.0002,49,28,210,66,108,0.38,1.75,139.65,1.26,371,526.015
1101,AUDUSD,25,0.0002,66,31,453,90,177,0.34,2.129032258,327.9135484,1.98,25,0.0002,66,31,273,45,87,0.34,2.129032258,197.6167742,1.98,180,525.5303226
1295,AUDUSD,25,0.0002,52,31,610,125,190,0.4,1.677419355,409.2903226,2.2,25,0.0002,52,31,175,60,95,0.39,1.677419355,114.483871,1.37,435,523.7741936
1222,AUDUSD,25,0.0002,44,24,560,154,259,0.37,1.833333333,379.8666667,1.16,25,0.0002,44,24,212,73,125,0.37,1.833333333,143.8066667,1.16,348,523.6733334
1247,AUDUSD,25,0.0002,57,32,574,110,178,0.38,1.78125,388.52625,1.82,25,0.0002,57,32,198,54,90,0.38,1.78125,134.02125,1.82,376,522.5475
1056,AUDUSD,25,0.0002,79,35,411,69,144,0.32,2.257142857,296.8594286,1.48,25,0.0002,79,35,297,33,66,0.33,2.257142857,221.2225714,2.62,114,518.082
1129,AUDUSD,25,0.0002,50,33,510,129,180,0.42,1.515151515,324.5454545,1.86,25,0.0002,50,33,295,62,85,0.42,1.515151515,187.7272727,1.86,215,512.2727272
1282,AUDUSD,25,0.0002,51,31,596,129,193,0.4,1.64516129,392.2064516,1.8,25,0.0002,51,31,186,62,96,0.39,1.64516129,119.34,0.98,410,511.5464516
1150,AUDUSD,25,0.0002,64,31,465,93,177,0.34,2.064516129,326.4,1.3,25,0.0002,64,31,247,46,87,0.35,2.064516129,178.4774194,2.25,218,504.8774194
1080,AUDUSD,25,0.0002,41,36,526,170,179,0.49,1.138888889,293.5372222,1.73,25,0.0002,41,36,364,80,81,0.5,1.138888889,207.2777778,2.5,162,500.815
1228,AUDUSD,25,0.0002,63,31,497,94,175,0.35,2.032258065,353.5112903,1.9,25,0.0002,63,31,201,46,87,0.35,2.032258065,142.9693548,1.9,296,496.4806451
1154,AUDUSD,25,0.0002,56,26,448,112,224,0.33,2.153846154,318.4246154,1.06,25,0.0002,56,26,242,54,107,0.34,2.153846154,177.2184615,1.88,206,495.6430769
1280,AUDUSD,25,0.0002,65,32,509,93,173,0.35,2.03125,361.8671875,1.95,25,0.0002,65,32,173,45,86,0.34,2.03125,119.478125,0.98,336,481.3453125
1302,AUDUSD,25,0.0002,42,31,597,167,207,0.45,1.35483871,363.9774194,1.85,25,0.0002,42,31,187,79,101,0.44,1.35483871,111.476129,1.12,410,475.4535484
1167,AUDUSD,25,0.0002,46,30,478,148,211,0.41,1.533333333,300.5026667,1.16,25,0.0002,46,30,266,71,100,0.42,1.533333333,171.304,1.92,212,471.8066667
1289,AUDUSD,25,0.0002,50,27,517,134,229,0.37,1.851851852,354.2407407,1.49,25,0.0002,50,27,176,64,112,0.36,1.851851852,117.3333333,0.72,341,471.574074
1195,AUDUSD,25,0.0002,34,24,522,213,280,0.43,1.416666667,317.985,0.94,25,0.0002,34,24,252,102,134,0.43,1.416666667,153.51,0.94,270,471.495
1246,AUDUSD,25,0.0002,50,28,496,132,218,0.38,1.785714286,336.5714286,1.64,25,0.0002,50,28,204,64,107,0.37,1.785714286,134.7857143,0.86,292,471.3571429
1166,AUDUSD,25,0.0002,51,34,476,124,172,0.42,1.5,299.88,1.7,25,0.0002,51,34,272,60,82,0.42,1.5,171.36,1.7,204,471.24
1239,AUDUSD,25,0.0002,42,32,552,164,198,0.45,1.3125,326.025,1.3,25,0.0002,42,32,236,78,95,0.45,1.3125,139.3875,1.3,316,465.4125
1212,AUDUSD,25,0.0002,44,30,516,159,216,0.42,1.466666667,317.856,1.08,25,0.0002,44,30,238,77,105,0.42,1.466666667,146.608,1.08,278,464.464
1298,AUDUSD,25,0.0002,78,35,471,72,147,0.33,2.228571429,346.3868571,2.29,25,0.0002,78,35,159,33,69,0.32,2.228571429,113.3897143,1.16,312,459.7765714
1205,AUDUSD,25,0.0002,41,34,544,170,189,0.47,1.205882353,308.32,1.25,25,0.0002,41,34,261,81,90,0.47,1.205882353,147.9255882,1.25,283,456.2455882
1297,AUDUSD,25,0.0002,60,35,510,103,162,0.39,1.714285714,340.9714286,2.05,25,0.0002,60,35,175,49,79,0.38,1.714285714,114,1.1,335,454.9714286
1122,AUDUSD,25,0.0002,53,26,381,121,232,0.34,2.038461538,264.0623077,0.86,25,0.0002,53,26,267,59,110,0.35,2.038461538,190.4942308,1.65,114,454.5565385
1277,AUDUSD,25,0.0002,46,24,478,145,258,0.36,1.916666667,329.82,1.2,25,0.0002,46,24,176,68,123,0.36,1.916666667,121.44,1.2,302,451.26
1261,AUDUSD,25,0.0002,55,32,478,114,181,0.39,1.71875,320.409375,1.93,25,0.0002,55,32,200,56,90,0.38,1.71875,130.625,1.06,278,451.034375
1286,AUDUSD,25,0.0002,39,24,507,181,273,0.4,1.625,329.55,1.2,25,0.0002,39,24,186,86,132,0.39,1.625,117.8775,0.57,321,447.4275
1168,AUDUSD,25,0.0002,42,38,508,165,169,0.49,1.105263158,275.1221053,1.2,25,0.0002,42,38,308,77,77,0.5,1.105263158,170.2105263,2,200,445.3326316
1284,AUDUSD,25,0.0002,53,32,493,121,185,0.4,1.65625,326.6125,2,25,0.0002,53,32,183,59,92,0.39,1.65625,118.2065625,1.15,310,444.8190625
1045,AUDUSD,25,0.0002,64,16,256,90,344,0.21,4,215.04,0.8,25,0.0002,64,16,256,44,160,0.22,4,225.28,1.6,0,440.32
1140,AUDUSD,25,0.0002,52,26,364,123,232,0.35,2,254.8,1.3,25,0.0002,52,26,260,60,110,0.35,2,182,1.3,104,436.8
1268,AUDUSD,25,0.0002,48,28,464,138,220,0.39,1.714285714,310.2171429,1.64,25,0.0002,48,28,192,67,108,0.38,1.714285714,125.0742857,0.88,272,435.2914286
1209,AUDUSD,25,0.0002,51,27,423,129,228,0.36,1.888888889,287.64,1.08,25,0.0002,51,27,216,63,111,0.36,1.888888889,146.88,1.08,207,434.52
1235,AUDUSD,25,0.0002,41,32,497,169,201,0.46,1.28125,292.919375,1.58,25,0.0002,41,32,240,80,95,0.46,1.28125,141.45,1.58,257,434.369375
1271,AUDUSD,25,0.0002,63,32,450,94,171,0.35,1.96875,310.078125,1.25,25,0.0002,63,32,178,46,85,0.35,1.96875,122.653125,1.25,272,432.73125
1299,AUDUSD,25,0.0002,64,32,448,93,172,0.35,2,313.6,1.6,25,0.0002,64,32,160,45,85,0.35,2,112,1.6,288,425.6
1095,AUDUSD,25,0.0002,71,35,324,79,151,0.34,2.028571429,223.4674286,1.04,25,0.0002,71,35,284,39,71,0.35,2.028571429,201.64,2.1,40,425.1074286
1160,AUDUSD,25,0.0002,50,38,420,130,160,0.45,1.315789474,248.6842105,1.6,25,0.0002,50,38,288,62,74,0.46,1.315789474,174.3157895,2.48,132,423
1177,AUDUSD,25,0.0002,40,33,445,172,195,0.47,1.212121212,253.5151515,1.31,25,0.0002,40,33,284,83,92,0.47,1.212121212,161.7939394,1.31,161,415.3090909
1253,AUDUSD,25,0.0002,41,35,495,170,185,0.48,1.171428571,278.3314286,1.48,25,0.0002,41,35,235,80,87,0.48,1.171428571,132.1371429,1.48,260,410.4685715
1227,AUDUSD,25,0.0002,52,34,426,120,171,0.41,1.529411765,267.1270588,1.26,25,0.0002,52,34,228,58,82,0.41,1.529411765,142.9694118,1.26,198,410.0964706
1301,AUDUSD,25,0.0002,56,32,448,112,182,0.38,1.75,297.92,1.44,25,0.0002,56,32,168,55,91,0.38,1.75,111.72,1.44,280,409.64
1096,AUDUSD,25,0.0002,52,36,336,120,164,0.42,1.444444444,203.84,0.96,25,0.0002,52,36,316,58,75,0.44,1.444444444,200.8355556,2.72,20,404.6755556
1283,AUDUSD,25,0.0002,51,26,367,127,235,0.35,1.961538462,251.9596154,0.95,25,0.0002,51,26,173,61,113,0.35,1.961538462,118.7711538,0.95,194,370.7307692
1270,AUDUSD,25,0.0002,74,36,328,74,143,0.34,2.055555556,229.2355556,1.4,25,0.0002,74,36,176,34,65,0.34,2.055555556,123.0044444,1.4,152,352.24
1165,AUDUSD,25,0.0002,70,35,245,80,153,0.34,2,166.6,0.7,25,0.0002,70,35,245,40,73,0.35,2,171.5,1.75,0,338.1
1303,AUDUSD,25,0.0002,49,39,394,133,157,0.46,1.256410256,227.7117949,1.48,25,0.0002,49,39,191,62,73,0.46,1.256410256,110.3882051,1.48,203,338.1
1232,AUDUSD,25,0.0002,51,38,320,124,158,0.44,1.342105263,188.9684211,1.16,25,0.0002,51,38,235,59,73,0.45,1.342105263,141.9276316,2.05,85,330.8960527
1285,AUDUSD,25,0.0002,77,37,284,70,138,0.34,2.081081081,200.9491892,1.76,25,0.0002,77,37,167,31,60,0.34,2.081081081,118.1637838,1.76,117,319.112973
1296,AUDUSD,25,0.0002,52,38,250,121,159,0.43,1.368421053,147.1052632,0.7,25,0.0002,52,38,190,57,73,0.44,1.368421053,114.4,1.6,60,261.5052632
1314,AUDUSD,25,0.0003,55,34,912,126,177,0.42,1.617647059,619.6235294,3.38,25,0.0003,55,34,588,62,83,0.43,1.617647059,409.0058824,4.27,324,1028.629412
1318,AUDUSD,25,0.0003,57,34,844,118,173,0.41,1.676470588,580.1258824,3.31,25,0.0003,57,34,518,58,82,0.41,1.676470588,356.0488235,3.31,326,936.1747059
1353,AUDUSD,25,0.0003,49,34,932,146,183,0.44,1.441176471,590.9976471,2.52,25,0.0003,49,34,427,67,84,0.44,1.441176471,270.7682353,2.52,505,861.7658824
1323,AUDUSD,25,0.0003,56,34,736,120,176,0.41,1.647058824,497.0164706,2.9,25,0.0003,56,34,482,59,83,0.42,1.647058824,333.4305882,3.8,254,830.4470588
1327,AUDUSD,25,0.0003,49,29,669,148,227,0.39,1.689655172,440.847931,1.42,25,0.0003,49,29,463,71,104,0.41,1.689655172,320.7472414,2.98,206,761.5951724
1320,AUDUSD,25,0.0003,49,36,638,146,181,0.45,1.361111111,390.775,2.25,25,0.0003,49,36,550,70,80,0.47,1.361111111,351.8472222,3.95,88,742.6222222
1317,AUDUSD,25,0.0003,57,32,532,116,190,0.38,1.78125,360.0975,1.82,25,0.0003,57,32,508,60,91,0.4,1.78125,361.95,3.6,24,722.0475
1365,AUDUSD,25,0.0003,58,34,672,113,173,0.4,1.705882353,458.5411765,2.8,25,0.0003,58,34,378,54,81,0.4,1.705882353,257.9294118,2.8,294,716.4705883
1334,AUDUSD,25,0.0003,57,35,592,116,172,0.4,1.628571429,385.6457143,1.8,25,0.0003,57,35,449,57,80,0.42,1.628571429,307.116,3.64,143,692.7617143
1335,AUDUSD,25,0.0003,58,32,544,112,186,0.38,1.8125,374.68,2.2,25,0.0003,58,32,432,56,88,0.39,1.8125,305.37,3.1,112,680.05
1339,AUDUSD,25,0.0003,49,35,616,144,184,0.44,1.4,379.456,1.96,25,0.0003,49,35,462,68,82,0.45,1.4,291.06,2.8,154,670.516
1389,AUDUSD,25,0.0003,54,34,704,127,181,0.41,1.588235294,458.4282353,2.08,25,0.0003,54,34,316,60,86,0.41,1.588235294,205.7717647,2.08,388,664.2
1360,AUDUSD,25,0.0003,62,34,572,103,171,0.38,1.823529412,396.3623529,2.48,25,0.0003,62,34,380,50,80,0.38,1.823529412,263.3176471,2.48,192,659.68
1338,AUDUSD,25,0.0003,57,36,492,116,170,0.41,1.583333333,319.39,2.13,25,0.0003,57,36,441,57,78,0.42,1.583333333,293.265,3.06,51,612.655
1362,AUDUSD,25,0.0003,59,34,515,109,174,0.39,1.735294118,348.5338235,2.27,25,0.0003,59,34,373,53,81,0.4,1.735294118,258.9058824,3.2,142,607.4397059
1348,AUDUSD,25,0.0003,56,35,483,118,175,0.4,1.6,309.12,1.4,25,0.0003,56,35,413,58,81,0.42,1.6,277.536,3.22,70,586.656
1407,AUDUSD,25,0.0003,61,34,564,104,170,0.38,1.794117647,384.5152941,2.1,25,0.0003,61,34,269,49,80,0.38,1.794117647,183.3947059,2.1,295,567.91
1454,AUDUSD,25,0.0003,50,34,646,136,181,0.43,1.470588235,408.5,2.12,25,0.0003,50,34,194,61,84,0.42,1.470588235,119.8235294,1.28,452,528.3235294
1383,AUDUSD,25,0.0003,61,29,431,105,206,0.34,2.103448276,308.2393103,1.6,25,0.0003,61,29,298,51,97,0.34,2.103448276,213.1213793,1.6,133,521.3606896
1368,AUDUSD,25,0.0003,57,31,386,115,199,0.37,1.838709677,262.6045161,1.56,25,0.0003,57,31,356,59,97,0.38,1.838709677,248.7406452,2.44,30,511.3451613
1420,AUDUSD,25,0.0003,53,34,543,127,182,0.41,1.558823529,347.0408824,1.67,25,0.0003,53,34,256,60,86,0.41,1.558823529,163.6141176,1.67,287,510.655
1387,AUDUSD,25,0.0003,55,35,460,121,177,0.41,1.571428571,296.3714286,1.9,25,0.0003,55,35,320,58,82,0.41,1.571428571,206.1714286,1.9,140,502.5428572
1381,AUDUSD,25,0.0003,60,34,426,104,171,0.38,1.764705882,285.6705882,1.72,25,0.0003,60,34,314,50,79,0.39,1.764705882,216.1058824,2.66,112,501.7764706
1371,AUDUSD,25,0.0003,72,29,337,80,187,0.3,2.482758621,251.0068966,1.3,25,0.0003,72,29,314,39,86,0.31,2.482758621,241.6717241,2.31,23,492.6786207
1458,AUDUSD,25,0.0003,49,33,572,143,195,0.42,1.484848485,356.72,1.44,25,0.0003,49,33,182,65,91,0.42,1.484848485,113.5018182,1.44,390,470.2218182
1437,AUDUSD,25,0.0003,52,34,502,128,181,0.41,1.529411765,314.7835294,1.26,25,0.0003,52,34,230,60,85,0.41,1.529411765,144.2235294,1.26,272,459.0070588
1428,AUDUSD,25,0.0003,71,34,413,81,157,0.34,2.088235294,293.23,1.7,25,0.0003,71,34,216,38,73,0.34,2.088235294,153.36,1.7,197,446.59
1417,AUDUSD,25,0.0003,50,36,392,136,178,0.43,1.388888889,234.1111111,0.98,25,0.0003,50,36,270,63,80,0.44,1.388888889,165,1.84,122,399.1111111
1440,AUDUSD,25,0.0003,50,35,415,135,181,0.43,1.428571429,254.9285714,1.55,25,0.0003,50,35,230,62,82,0.43,1.428571429,141.2857143,1.55,185,396.2142857
1429,AUDUSD,25,0.0003,60,29,299,106,209,0.34,2.068965517,210.3310345,1.26,25,0.0003,60,29,218,51,98,0.34,2.068965517,153.3517241,1.26,81,363.6827586
1416,AUDUSD,25,0.0003,58,31,273,110,197,0.36,1.870967742,183.8787097,1.04,25,0.0003,58,31,245,55,95,0.37,1.870967742,169.6032258,1.93,28,353.4819355
1435,AUDUSD,25,0.0003,57,33,303,113,186,0.38,1.727272727,198.8781818,1.2,25,0.0003,57,33,222,56,90,0.38,1.727272727,145.7127273,1.2,81,344.5909091
1446,AUDUSD,25,0.0003,71,32,286,82,173,0.32,2.21875,203.06,0.96,25,0.0003,71,32,184,40,83,0.33,2.21875,134.7225,1.99,102,337.7825
1434,AUDUSD,25,0.0003,78,29,211,70,181,0.28,2.689655172,158.9048276,0.96,25,0.0003,78,29,187,34,85,0.29,2.689655172,145.86,2.03,24,304.7648276
1456,AUDUSD,25,0.0003,58,35,290,110,174,0.39,1.657142857,187.4228571,1.27,25,0.0003,58,35,181,52,81,0.39,1.657142857,116.9777143,1.27,109,304.4005714
1444,AUDUSD,25,0.0003,59,29,224,108,212,0.34,2.034482759,154.9462069,0.92,25,0.0003,59,29,197,52,99,0.34,2.034482759,136.2696552,0.92,27,291.2158621
1461,AUDUSD,25,0.0003,58,36,188,110,172,0.39,1.611111111,118.1266667,0.66,25,0.0003,58,36,172,52,79,0.4,1.611111111,110.8444444,1.6,16,228.9711111
1486,AUDUSD,25,0.0004,71,33,425,85,170,0.33,2.151515152,301.75,1.32,25,0.0004,71,33,375,42,79,0.35,2.151515152,282.3863636,3.4,50,584.1363636
1504,AUDUSD,25,0.0004,61,34,516,106,175,0.38,1.794117647,351.7905882,2.1,25,0.0004,61,34,296,50,81,0.38,1.794117647,201.8023529,2.1,220,553.5929411
1500,AUDUSD,25,0.0004,62,34,430,104,177,0.37,1.823529412,290.1235294,1.52,25,0.0004,62,34,312,50,82,0.38,1.823529412,216.1976471,2.48,118,506.3211765
1524,AUDUSD,25,0.0004,72,33,366,83,170,0.33,2.181818182,263.52,1.65,25,0.0004,72,33,168,39,80,0.33,2.181818182,120.96,1.65,198,384.48
